Workbook

Sheet INCENTIVE
C3: ="INCENTIVE DL THÁNG "& TEXT('DL 1'!A3,"MM/yyyy") -> INCENTIVE DL THÁNG 12/2024
C4: ="(Kỳ lương tháng " & TEXT(EDATE('DL 1'!A3,1),"MM/yyyy") &")" -> (Kỳ lương tháng 01/2025)
C6: NHẬP THÔNG TIN
C7: TARGET DL | D7: TARGET ED | E7: DOANH SỐ ED | F7: PR3 DL | G7: PR6 DL
C8: 300000000 | D8: 230000000 | E8: 130000000 | F8: 98 | G8: 98
C12: TỔNG INCENTIVE
C13: THƯỞNG ĐẠT TARGET | D13: THƯỞNG DS THEO HS RISK | E13: THƯỞNG BẢO HIỂM | F13: TỔNG THƯỞNG
C14: =Table3[THƯỞNG ĐẠT TARGET] -> 2340000 | D14: {=Table4[THƯỞNG DOANH SỐ THEO HỆ SỐ RISK]} -> 4589000 | E14: =SUM('DL 1'!I3:I253) -> 403000 | F14: {=(Table1[[#This Row],[THƯỞNG ĐẠT TARGET]]+Table1[[#This Row],[THƯỞNG DS THEO HS RISK]])*Table2[[Hệ Số Đạt Chỉ tiêu ]]+Table1[[#This Row],[THƯỞNG BẢO HIỂM]]} -> 5946200
C16: HỆ SỐ ĐẠT CHỈ TIÊU CT NGÀNH HÀNG CHÍNH VÀ TỔNG
C17: Hệ Số Đạt Chỉ tiêu
C18: =Data!$K$53 -> 0.8
C20: THƯỞNG ĐẠT CHỈ TIÊU
C21: TARGET Dl | D21: GIẢI NGÂN DL | E21: % GIẢI NGÂN | F21: MỨC THƯỞNG | G21: HỆ SỐ | H21: THƯỞNG ĐẠT TARGET
C22: =C8 -> 300000000 | D22: =SUM('DL 1'!$E$3:$E$377) -> 352000000 | E22: =IFERROR(Table3[[#This Row],[GIẢI NGÂN DL]]/Table3[[#This Row],[TARGET Dl]],0) -> 1.1733333 | F22: =_xlfn.IFNA(INDEX(Data!$H$15:$P$15,1,MATCH(Table3[[#This Row],[TARGET Dl]]/1000000,Data!$H$14:$P$14,1))*1000,0) -> 1800000 | G22: =INDEX(Data!$H$18:$M$18,1,MATCH(Table3[[#This Row],[% GIẢI NGÂN]],Data!$H$17:$M$17,1)) -> 1.3 | H22: =Table3[[#This Row],[MỨC THƯỞNG]]*Table3[[#This Row],[HỆ SỐ]] -> 2340000
C24: THƯỞNG DOANH SỐ THEO HỆ SỐ RỦI RO
C25: KÊNH | D25: THƯỞNG DOANH SỐ | E25: PR3 | F25: PR6 | G25: HỆ SỐ RISK | H25: THƯỞNG DOANH SỐ THEO HỆ SỐ RISK
C26: DL | D26: =SUM('DL 1'!$J$3:$J$274) -> 3530000 | E26: =F8 -> 98 | F26: =G8 -> 98 | G26: =Data!$K$40 -> 1.3 | H26: =Table4[[#This Row],[THƯỞNG DOANH SỐ ]]*Table4[[#This Row],[HỆ SỐ RISK]] -> 4589000

Sheet DL 1
A1: Column3 | B1: Column4 | C1: Column5 | D1: Column6 | E1: Column7 | F1: Column8 | G1: Column9 | H1: Column10 | I1: Column11 | J1: Column12
A2: NGÀY LÀM HD | B2: TÊN KHÁCH HÀNG | C2: SỐ HD | D2: KỲ HẠN | E2: KHOẢN VAY | F2: Bảo Hiểm ( Có=Y Không= N) | G2: MÃ SCHEME | I2: BẢO HIỂM | J2: Thưởng Doanh số | K2: Hệ Số (%)
A3: 45630 | B3: LÊ HÀ TRIỀU | C3: DL031137755 | D3: 9 | E3: 29000000 | F3: N | G3: B | I3: =CONVERT!B2 -> 0 | J3: =CONVERT!AM2 -> 203000 | K3: =CONVERT!AL2 -> 0.7
A4: 45631 | B4: LÊ HÀ TRIỀU | C4: DL031137756 | D4: 12 | E4: 10000000 | F4: Y | G4: A | I4: =CONVERT!B3 -> 10000 | J4: =CONVERT!AM3 -> 120000 | K4: =CONVERT!AL3 -> 1.2
A5: 45632 | B5: LÊ HÀ TRIỀU | C5: DL031137757 | D5: 36 | E5: 9000000 | F5: N | G5: B | I5: =CONVERT!B4 -> 0 | J5: =CONVERT!AM4 -> 126000 | K5: =CONVERT!AL4 -> 1.4
A6: 45633 | B6: LÊ HÀ TRIỀU | C6: DL031137758 | D6: 15 | E6: 29000000 | F6: Y | G6: A | I6: =CONVERT!B5 -> 36000 | J6: =CONVERT!AM5 -> 435000 | K6: =CONVERT!AL5 -> 1.5
A7: 45634 | B7: LÊ HÀ TRIỀU | C7: DL031137759 | D7: 15 | E7: 29000000 | F7: Y | G7: C | I7: =CONVERT!B6 -> 31000 | J7: =CONVERT!AM6 -> 87000 | K7: =CONVERT!AL6 -> 0.3
A8: 45635 | B8: LÊ HÀ TRIỀU | C8: DL031137760 | D8: 12 | E8: 29000000 | F8: Y | G8: A | I8: =CONVERT!B7 -> 26000 | J8: =CONVERT!AM7 -> 348000 | K8: =CONVERT!AL7 -> 1.2
A9: 45636 | B9: LÊ HÀ TRIỀU | C9: DL031137761 | D9: 9 | E9: 9000000 | F9: Y | G9: C | I9: =CONVERT!B8 -> 10000 | J9: =CONVERT!AM8 -> 0 | K9: =CONVERT!AL8 -> 0
A10: 45637 | B10: LÊ HÀ TRIỀU | C10: DL031137762 | D10: 6 | E10: 29000000 | F10: Y | G10: A | I10: =CONVERT!B9 -> 26000 | J10: =CONVERT!AM9 -> 261000 | K10: =CONVERT!AL9 -> 0.9
A11: 45638 | B11: LÊ HÀ TRIỀU | C11: DL031137763 | D11: 6 | E11: 9000000 | F11: Y | G11: D | I11: =CONVERT!B10 -> 10000 | J11: =CONVERT!AM10 -> 0 | K11: =CONVERT!AL10 -> 0
A12: 45639 | B12: LÊ HÀ TRIỀU | C12: DL031137764 | D12: 5 | E12: 29000000 | F12: Y | G12: A | I12: =CONVERT!B11 -> 26000 | J12: =CONVERT!AM11 -> 261000 | K12: =CONVERT!AL11 -> 0.9
A13: 45640 | B13: LÊ HÀ TRIỀU | C13: DL031137765 | D13: 18 | E13: 9000000 | F13: Y | G13: A | I13: =CONVERT!B12 -> 20000 | J13: =CONVERT!AM12 -> 135000 | K13: =CONVERT!AL12 -> 1.5
A14: 45641 | B14: LÊ HÀ TRIỀU | C14: DL031137766 | D14: 18 | E14: 9000000 | F14: Y | G14: D | I14: =CONVERT!B13 -> 20000 | J14: =CONVERT!AM13 -> 0 | K14: =CONVERT!AL13 -> 0
... A21: 45648 | B21: LÊ HÀ TRIỀU | C21: DL031137773 | D21: 18 | E21: 29000000 | F21: Y | G21: B | I21: =CONVERT!B20 -> 36000 | J21: =CONVERT!AM20 -> 377000 | K21: =CONVERT!AL20 -> 1.3
I108: =CONVERT!B107 -> 0 | J108: =CONVERT!AM107 -> 0 | K108: =CONVERT!AL107 -> 0
I109: =CONVERT!B108 -> 0 | J109: =CONVERT!AM108 -> 0 | K109: =CONVERT!AL108 -> 0
I110: =CONVERT!B109 -> 0 | J110: =CONVERT!AM109 -> 0 | K110: =CONVERT!AL109 -> 0
I111: =CONVERT!B110 -> 0 | J111: =CONVERT!AM110 -> 0 | K111: =CONVERT!AL110 -> 0
I112: =CONVERT!B111 -> 0 | J112: =CONVERT!AM111 -> 0 | K112: =CONVERT!AL111 -> 0
I113: =CONVERT!B112 -> 0 | J113: =CONVERT!AM112 -> 0 | K113: =CONVERT!AL112 -> 0
I114: =CONVERT!B113 -> 0 | J114: =CONVERT!AM113 -> 0 | K114: =CONVERT!AL113 -> 0
I115: =CONVERT!B114 -> 0 | J115: =CONVERT!AM114 -> 0 | K115: =CONVERT!AL114 -> 0
I116: =CONVERT!B115 -> 0 | J116: =CONVERT!AM115 -> 0 | K116: =CONVERT!AL115 -> 0
I117: =CONVERT!B116 -> 0 | J117: =CONVERT!AM116 -> 0 | K117: =CONVERT!AL116 -> 0
I118: =CONVERT!B117 -> 0 | J118: =CONVERT!AM117 -> 0 | K118: =CONVERT!AL117 -> 0
I119: =CONVERT!B118 -> 0 | J119: =CONVERT!AM118 -> 0 | K119: =CONVERT!AL118 -> 0
... I169: =CONVERT!B168 -> 0 | J169: =CONVERT!AM168 -> 0 | K169: =CONVERT!AL168 -> 0
I170: =CONVERT!B169 -> 0 | K170: =CONVERT!AL169 -> 0
I171: =CONVERT!B170 -> 0 | K171: =CONVERT!AL170 -> 0
K172: =CONVERT!AL171 -> 0
K173: =CONVERT!AL172 -> 0
K174: =CONVERT!AL173 -> 0
K175: =CONVERT!AL174 -> 0
K176: =CONVERT!AL175 -> 0
K177: =CONVERT!AL176 -> 0
K178: =CONVERT!AL177 -> 0
K179: =CONVERT!AL178 -> 0
K180: =CONVERT!AL179 -> 0
K181: =CONVERT!AL180 -> 0
K182: =CONVERT!AL181 -> 0
K183: =CONVERT!AL182 -> 0
... K244: =CONVERT!AL243 -> 0
I307: =CONVERT!B306 -> 0 | J307: =CONVERT!AD306 -> 0
I308: =CONVERT!B307 -> 0

Sheet Sheet1
A1: 44959 | B1: NGUYỄN ĐẶNG HOÀNG GIA | C1: ED026292276 | D1: 6 | E1: 8000000 | F1: Y
A2: 44959 | B2: NGUYỄN ĐẶNG HOÀNG GIA | C2: ED026292276 | D2: 6 | E2: 8000000 | F2: Y
A3: 44959 | B3: NGUYỄN ĐẶNG HOÀNG GIA | C3: ED026292276 | D3: 6 | E3: 8000000 | F3: Y
A4: 44959 | B4: NGUYỄN ĐẶNG HOÀNG GIA | C4: ED026292276 | D4: 6 | E4: 8000000 | F4: Y
A5: 44959 | B5: NGUYỄN ĐẶNG HOÀNG GIA | C5: ED026292276 | D5: 6 | E5: 8000000 | F5: Y
A6: 44959 | B6: NGUYỄN ĐẶNG HOÀNG GIA | C6: ED026292276 | D6: 6 | E6: 8000000 | F6: Y
A7: 44959 | B7: NGUYỄN ĐẶNG HOÀNG GIA | C7: ED026292276 | D7: 6 | E7: 8000000 | F7: Y
A8: 44959 | B8: NGUYỄN ĐẶNG HOÀNG GIA | C8: ED026292276 | D8: 6 | E8: 8000000 | F8: Y
A9: 44959 | B9: NGUYỄN ĐẶNG HOÀNG GIA | C9: ED026292276 | D9: 6 | E9: 8000000 | F9: Y
A10: 44959 | B10: NGUYỄN ĐẶNG HOÀNG GIA | C10: ED026292276 | D10: 6 | E10: 8000000 | F10: Y
A11: 44959 | B11: NGUYỄN ĐẶNG HOÀNG GIA | C11: ED026292276 | D11: 6 | E11: 8000000 | F11: Y
A12: 44959 | B12: NGUYỄN ĐẶNG HOÀNG GIA | C12: ED026292276 | D12: 6 | E12: 8000000 | F12: Y
... A167: 44959 | B167: NGUYỄN ĐẶNG HOÀNG GIA | C167: ED026292276 | D167: 6 | E167: 8000000 | F167: Y

Sheet CONVERT
A1: Bao HiemED | B1: Bao HiemED | C1: BH DL | D1: BH ED | E1: Tinh KYHTB | F1: Scheme Group | G1: KV ED | H1: HS TT SCHEME | I1: HS BANG A | J1: DOANH SO TINH THUONG ED | K1: DOANH SO TINH THUONG DL | L1: CT4CL | M1: THƯỞNG LỄ | N1: KVDL | O1: DIEM SCHEME | P1: HE SO | Q1: BAO HIEM | R1: Kỳ hạn ASM | S1: Thời Hạn | T1: HS Tháng | V1: Hệ Số Kỳ Hạn | W1: %Tính Incneitve | X1: Khoan vay | Y1: schemes | AB1: Hệ Số % | AC1: 1 | AE1: BH DL | AF1: Thuong truc tiếp | AG1: BH DL | AI1: Số Lượng BH ED | AJ1: Số Lượng BH DL | AK1: HE SO BH | AL1: Hệ Số Kỳ Hạn Tháng | AM1: Thưởng Doanh Số | AN1: Bao Hiem
A2: =IF(D2="A",_xlfn.IFNA(INDEX(Data!$H$24:$J$28,MATCH('DL 1'!E3,Data!$G$24:$G$28,1),MATCH('DL 1'!D3,Data!$H$23:$J$23,1)),0),0) -> 0 | B2: =IF('DL 1'!F3="Y",Q2,0) -> 0 | C2: =_xlfn.IFNA(INDEX(Data!$H$24:$J$28,MATCH(#REF!,Data!$G$24:$G$28,1),MATCH(#REF!,Data!$H$23:$J$23,1)),0) -> #REF! | D2: =RIGHT(TRIM('DL 1'!G3),1) -> B | E2: ='DL 1'!E3*'DL 1'!D3 -> 261000000 | F2: =_xlfn.IFNA(VLOOKUP(TRIM('DL 1'!G3),Data!$A:$C,3,0),"") | G2: ='DL 1'!E3 -> 29000000 | H2: =_xlfn.IFNA(VLOOKUP(TRIM('DL 1'!G3),Data!$A:$D,4,0),0) -> 0 | I2: =_xlfn.IFNA(INDEX(Data!H70:K74,MATCH(Table7[[#This Row],[Column9]],Data!H69:K69,1),MATCH(CONVERT!#REF!,Data!G70:G74,1)),0) -> 0 | J2: =_xlfn.IFNA(IF(VLOOKUP(TRIM('DL 1'!G3),Data!$A:$C,3,0)="ST1",H2*I2*G2,IF(VLOOKUP(TRIM('DL 1'!G3),Data!$A:$C,3,0)="IR0",H2*G2,MIN(H2:I2)*G2)),0) -> 0 | K2: =_xlfn.IFNA(VLOOKUP(TRIM(#REF!),Data!$A:$D,4,0)*#REF!,0) -> #REF! | L2: =IF(TRIM('DL 1'!G3)="EDCLNHT0IRNLI",20000,0) -> 0 | M2: =IF(ISERROR(MATCH('DL 1'!A3,#REF!,0)),0,J2*2) -> 0 | N2: =#REF! -> #REF! | O2: =_xlfn.IFNA(VLOOKUP(RIGHT(VLOOKUP(TRIM('DL 1'!G3),Data!$A:$B,2,0),1),Data!$L$23:$M$30,2,0),0) -> 0 | P2: =IF(G2<1,0,IF(G2<12000000,1,IF(AND(G2>=12000000,G2<25000000),2,IF(AND(G2>=25000000,G2<50000000),3,IF(AND(G2>=50000000),4,))))) -> 3 | Q2: =IF(AND(P2=1,S2<15),10000,IF(AND(P2=1,S2>=15,S2<18),15000,IF(AND(P2=1,S2>=18),20000,(IF(AND(P2=2,S2<15),18000,IF(AND(P2=2,S2>=15,S2<18),23000,IF(AND(P2=2,S2>=18),28000,IF(AND(P2=3,S2<15),26000,IF(AND(P2=3,S2>=15,S2<18),31000,IF(AND(P2=3,S2>=18),36000,IF(AND(P2=4,S2<15),34000,IF(AND(P2=4,S2>=15,S2<18),39000,IF(AND(P2=4,S2>=18),44000))))))))))))) -> 26000 | R2: =INCENTIVE!$E$8 -> 130000000 | S2: ='DL 1'!D3 -> 9 | T2: =(IF(S2>=24,"5",IF(S2>=18,"4",IF(S2>=15,"3",IF(S2>=12,"2","1"))))) -> 1 | V2: =(IF(S2>=12,"6",IF(S2>=9,"5",IF(S2>=8,"4",IF(S2>=7,"3",IF(S2=6,"2","1")))))) -> 5 | W2: =IF(AND(V2="6",R2>=7.7),115%,IF(AND(V2="6",R2>=7.5),105%,IF(AND(V2="6",R2>=7.3),100%,IF(AND(V2="6",R2>=7),100%,IF(AND(V2="6",R2<7),100%,IF(AND(V2="5",R2>=7.7),110%,IF(AND(V2="5",R2>=7.5),100%,IF(AND(V2="5",R2>=7.3),100%,IF(AND(V2="5",R2>=7),100%,IF(AND(V2="5",R2<7),100%,IF(AND(V2="4",R2>=7.7),105%,IF(AND(V2="4",R2>=7.5),100%,IF(AND(V2="4",R2>=7.3),95%,IF(AND(V2="4",R2>=7),90%,IF(AND(V2="4",R2<7),80%,IF(AND(V2="3",R2>=7.7),100%,IF(AND(V2="3",R2>=7.5),90%,IF(AND(V2="3",R2>=7.3),80%,IF(AND(V2="3",R2>=7),70%,IF(AND(V2="3",R2<7),60%,IF(AND(V2="2",R2>=7.7),60%,IF(AND(V2="2",R2>=7.5),50%,IF(AND(V2="2",R2>=7.3),35%,IF(AND(V2="2",R2>=7),35%,IF(AND(V2="2",R2<7),25%,25%))))))))))))))))))))))))) -> 1.1 | X2: ='DL 1'!E3 -> 29000000 | Y2: ='DL 1'!G3 -> B | Z2: {=IF(AND(#REF!="1",Y2="A"),0.9,IF(AND(#REF!="1",Y2="B"),0.7,IF(AND(#REF!="1",Y2="C"),0,IF(AND(#REF!="1",Y2="D"),0,IF(AND(#REF!="2",Y2="A"),1.2,IF(AND(#REF!="2",Y2="B"),1,IF(AND(#REF!="2",Y2="C"),0.1,IF(AND(#REF!="2",Y2="D"),0,IF(AND(#REF!="3",Y2="A"),1.3,IF(AND(#REF!="3",Y2="B"),1.1,IF(AND(#REF!="3",Y2="C"),0.3,IF(AND(#REF!="3",Y2="D"),0,IF(AND(#REF!="4",Y2="A"),1.5,IF(AND(#REF!="4",Y2="B"),1.3,IF(AND(#REF!="4",Y2="C"),0.4,IF(AND(#REF!="4",Y2="D"),0,IF(AND(#REF!="5",Y2=”A”),1.6,IF(AND(#REF!="5",Y2="B"),1.4,IF(AND(#REF!="5",Y2="C"),0.5,IF(AND(#REF!="5",Y2="D"),0,))))))))))))))))))))} -> #REF! | AA2: =IF(AND(Y2="A",#REF!>1),1%,0) -> #REF! | AB2: =_xlfn.IFNA(INDEX(Data!$H$66:$L$69,MATCH('DL 1'!D3,Data!$G$66:$G$69,1),MATCH(CONVERT!#REF!,Data!$H$65:$L$65,1)),0) -> 0 | AC2: =IFERROR(VLOOKUP(Y2,Data!$G$65:$L$69,2,0) *X2,"") -> 20300000 | AD2: =SUM(AC2) -> 20300000 | AE2: ='DL 1'!F3 -> N | AF2: =IFERROR(VLOOKUP(Y2,Data!$G$65:$K$79,4,0),"") -> 1.1 | AG2: =#REF! -> #REF! | AI2: =COUNTIF(CONVERT!AE:AE,"Y") -> 17 | AJ2: =COUNTIF(CONVERT!AG:AG,"Y") -> 0 | AK2: =IF(G2<1,0,IF(G2<12000000,1,IF(AND(G2>=12000000,G2<25000000),2,IF(AND(G2>=25000000,G2<50000000),3,IF(AND(G2>=50000000),4,))))) -> 3 | AL2: =IF(AND(S2<12,Y2="A"),0.9,IF(AND(S2<12,Y2="B"),0.7,IF(AND(S2<12,Y2="C"),0,IF(AND(S2<12,Y2="D"),0,IF(AND(S2>=12,S2<15,Y2="A"),1.2,IF(AND(S2>=12,S2<15,Y2="B"),1,IF(AND(S2>=12,S2<15,Y2="C"),0.1,IF(AND(S2>=12,S2<15,Y2="D"),0,IF(AND(S2>=15,S2<18,Y2="A"),1.3,IF(AND(S2>=15,S2<18,Y2="B"),1.1,IF(AND(S2>=15,S2<18,Y2="C"),0.3,IF(AND(S2>=15,S2<18,Y2="D"),0,IF(AND(S2>=18,S2<24,Y2="A"),1.5,IF(AND(S2>=18,S2<24,Y2="B"),1.3,IF(AND(S2>=18,S2<24,Y2="C"),0.4,IF(AND(S2>=18,S2<24,Y2="D"),0,IF(AND(S2>=24,Y2="A"),1.6,IF(AND(S2>=24,Y2="B"),1.4,IF(AND(S2>=24,Y2="C"),0.5,IF(AND(S2>=24,Y2="D"),0,)))))))))))))))))))) -> 0.7 | AM2: =X2*(AL2/100) -> 203000 | AN2: =Q2 -> 26000
A3: =IF(D3="A",_xlfn.IFNA(INDEX(Data!$H$24:$J$28,MATCH('DL 1'!E4,Data!$G$24:$G$28,1),MATCH('DL 1'!D4,Data!$H$23:$J$23,1)),0),0) -> 25000 | B3: =IF('DL 1'!F4="Y",Q3,0) -> 10000 | C3: =_xlfn.IFNA(INDEX(Data!$H$24:$J$28,MATCH(#REF!,Data!$G$24:$G$28,1),MATCH(#REF!,Data!$H$23:$J$23,1)),0) -> #REF! | D3: =RIGHT(TRIM('DL 1'!G4),1) -> A | E3: ='DL 1'!E4*'DL 1'!D4 -> 120000000 | F3: =_xlfn.IFNA(VLOOKUP(TRIM('DL 1'!G4),Data!$A:$C,3,0),"") | G3: ='DL 1'!E4 -> 10000000 | H3: =_xlfn.IFNA(VLOOKUP(TRIM('DL 1'!G4),Data!$A:$D,4,0),0) -> 0 | I3: =_xlfn.IFNA(INDEX(Data!H71:K75,MATCH(Table7[[#This Row],[Column9]],Data!H70:K70,1),MATCH(CONVERT!#REF!,Data!G71:G75,1)),0) -> 0 | J3: =_xlfn.IFNA(IF(VLOOKUP(TRIM('DL 1'!G4),Data!$A:$C,3,0)="ST1",H3*I3*G3,IF(VLOOKUP(TRIM('DL 1'!G4),Data!$A:$C,3,0)="IR0",H3*G3,MIN(H3:I3)*G3)),0) -> 0 | K3: =_xlfn.IFNA(VLOOKUP(TRIM(#REF!),Data!$A:$D,4,0)*#REF!,0) -> #REF! | L3: =IF(TRIM('DL 1'!G4)="EDCLNHT0IRNLI",20000,0) -> 0 | M3: =IF(ISERROR(MATCH('DL 1'!A4,#REF!,0)),0,J3*2) -> 0 | N3: =#REF! -> #REF! | O3: =_xlfn.IFNA(VLOOKUP(RIGHT(VLOOKUP(TRIM('DL 1'!G4),Data!$A:$B,2,0),1),Data!$L$23:$M$30,2,0),0) -> 0 | P3: =IF(G3<1,0,IF(G3<12000000,1,IF(AND(G3>=12000000,G3<25000000),2,IF(AND(G3>=25000000,G3<50000000),3,IF(AND(G3>=50000000),4,))))) -> 1 | Q3: =IF(AND(P3=1,S3<15),10000,IF(AND(P3=1,S3>=15,S3<18),15000,IF(AND(P3=1,S3>=18),20000,(IF(AND(P3=2,S3<15),18000,IF(AND(P3=2,S3>=15,S3<18),23000,IF(AND(P3=2,S3>=18),28000,IF(AND(P3=3,S3<15),26000,IF(AND(P3=3,S3>=15,S3<18),31000,IF(AND(P3=3,S3>=18),36000,IF(AND(P3=4,S3<15),34000,IF(AND(P3=4,S3>=15,S3<18),39000,IF(AND(P3=4,S3>=18),44000))))))))))))) -> 10000 | R3: =INCENTIVE!$E$8 -> 130000000 | S3: ='DL 1'!D4 -> 12 | T3: =(IF(S3>=24,"5",IF(S3>=18,"4",IF(S3>=15,"3",IF(S3>=12,"2","1"))))) -> 2 | V3: =(IF(S3>=12,"6",IF(S3>=9,"5",IF(S3>=8,"4",IF(S3>=7,"3",IF(S3=6,"2","1")))))) -> 6 | W3: =IF(AND(V3="6",R3>=7.7),115%,IF(AND(V3="6",R3>=7.5),105%,IF(AND(V3="6",R3>=7.3),100%,IF(AND(V3="6",R3>=7),100%,IF(AND(V3="6",R3<7),100%,IF(AND(V3="5",R3>=7.7),110%,IF(AND(V3="5",R3>=7.5),100%,IF(AND(V3="5",R3>=7.3),100%,IF(AND(V3="5",R3>=7),100%,IF(AND(V3="5",R3<7),100%,IF(AND(V3="4",R3>=7.7),105%,IF(AND(V3="4",R3>=7.5),100%,IF(AND(V3="4",R3>=7.3),95%,IF(AND(V3="4",R3>=7),90%,IF(AND(V3="4",R3<7),80%,IF(AND(V3="3",R3>=7.7),100%,IF(AND(V3="3",R3>=7.5),90%,IF(AND(V3="3",R3>=7.3),80%,IF(AND(V3="3",R3>=7),70%,IF(AND(V3="3",R3<7),60%,IF(AND(V3="2",R3>=7.7),60%,IF(AND(V3="2",R3>=7.5),50%,IF(AND(V3="2",R3>=7.3),35%,IF(AND(V3="2",R3>=7),35%,IF(AND(V3="2",R3<7),25%,25%))))))))))))))))))))))))) -> 1.15 | X3: ='DL 1'!E4 -> 10000000 | Y3: ='DL 1'!G4 -> A | Z3: =IF(AND(#REF!="1",Y3="A"),0.9,IF(AND(#REF!="1",Y3="B"),0.7,IF(AND(#REF!="1",Y3="C"),0,IF(AND(#REF!="1",Y3="D"),0,IF(AND(#REF!="2",Y3="A"),1.2,IF(AND(#REF!="2",Y3="B"),1,IF(AND(#REF!="2",Y3="C"),0.1,IF(AND(#REF!="2",Y3="D"),0,IF(AND(#REF!="3",Y3="A"),1.3,IF(AND(#REF!="3",Y3="B"),1.1,IF(AND(#REF!="3",Y3="C"),0.3,IF(AND(#REF!="3",Y3="D"),0,IF(AND(#REF!="4",Y3="A"),1.5,IF(AND(#REF!="4",Y3="B"),1.3,IF(AND(#REF!="4",Y3="C"),0.4,IF(AND(#REF!="4",Y3="D"),0,IF(AND(#REF!="5",Y3="A"),1.6,IF(AND(#REF!="5",Y3="B"),1.4,IF(AND(#REF!="5",Y3="C"),0.5,IF(AND(#REF!="5",Y3="D"),0,)))))))))))))))))))) -> #REF! | AB3: =_xlfn.IFNA(INDEX(Data!$H$66:$L$69,MATCH('DL 1'!D4,Data!$G$66:$G$69,1),MATCH(CONVERT!#REF!,Data!$H$65:$L$65,1)),0) -> 0 | AC3: =IFERROR(VLOOKUP(Y3,Data!$G$65:$L$69,2,0) *X3,"") -> 9000000 | AD3: =SUM(AC3) -> 9000000 | AE3: ='DL 1'!F4 -> Y | AF3: =IFERROR(VLOOKUP(Y3,Data!$G$65:$K$79,4,0),"") -> 1.3 | AG3: =#REF! -> #REF! | AK3: =IF(G3<1,0,IF(G3<12000000,1,IF(AND(G3>=12000000,G3<25000000),2,IF(AND(G3>=25000000,G3<50000000),3,IF(AND(G3>=50000000),4,))))) -> 1 | AL3: =IF(AND(S3<12,Y3="A"),0.9,IF(AND(S3<12,Y3="B"),0.7,IF(AND(S3<12,Y3="C"),0,IF(AND(S3<12,Y3="D"),0,IF(AND(S3>=12,S3<15,Y3="A"),1.2,IF(AND(S3>=12,S3<15,Y3="B"),1,IF(AND(S3>=12,S3<15,Y3="C"),0.1,IF(AND(S3>=12,S3<15,Y3="D"),0,IF(AND(S3>=15,S3<18,Y3="A"),1.3,IF(AND(S3>=15,S3<18,Y3="B"),1.1,IF(AND(S3>=15,S3<18,Y3="C"),0.3,IF(AND(S3>=15,S3<18,Y3="D"),0,IF(AND(S3>=18,S3<24,Y3="A"),1.5,IF(AND(S3>=18,S3<24,Y3="B"),1.3,IF(AND(S3>=18,S3<24,Y3="C"),0.4,IF(AND(S3>=18,S3<24,Y3="D"),0,IF(AND(S3>=24,Y3="A"),1.6,IF(AND(S3>=24,Y3="B"),1.4,IF(AND(S3>=24,Y3="C"),0.5,IF(AND(S3>=24,Y3="D"),0,)))))))))))))))))))) -> 1.2 | AM3: =X3*(AL3/100) -> 120000 | AN3: =Q3 -> 10000
A4: =IF(D4="A",_xlfn.IFNA(INDEX(Data!$H$24:$J$28,MATCH('DL 1'!E5,Data!$G$24:$G$28,1),MATCH('DL 1'!D5,Data!$H$23:$J$23,1)),0),0) -> 0 | B4: =IF('DL 1'!F5="Y",Q4,0) -> 0 | C4: =_xlfn.IFNA(INDEX(Data!$H$24:$J$28,MATCH(#REF!,Data!$G$24:$G$28,1),MATCH(#REF!,Data!$H$23:$J$23,1)),0) -> #REF! | D4: =RIGHT(TRIM('DL 1'!G5),1) -> B | E4: ='DL 1'!E5*'DL 1'!D5 -> 324000000 | F4: =_xlfn.IFNA(VLOOKUP(TRIM('DL 1'!G5),Data!$A:$C,3,0),"") | G4: ='DL 1'!E5 -> 9000000 | H4: =_xlfn.IFNA(VLOOKUP(TRIM('DL 1'!G5),Data!$A:$D,4,0),0) -> 0 | I4: =_xlfn.IFNA(INDEX(Data!$G$5:$K$10,MATCH('DL 1'!D5,Data!$F$5:$F$10,1),MATCH(_xlfn.SINGLE(#REF!),Data!$G$4:$K$4,1)),0) -> #REF! | J4: =_xlfn.IFNA(IF(VLOOKUP(TRIM('DL 1'!G5),Data!$A:$C,3,0)="ST1",H4*I4*G4,IF(VLOOKUP(TRIM('DL 1'!G5),Data!$A:$C,3,0)="IR0",H4*G4,MIN(H4:I4)*G4)),0) -> 0 | K4: =_xlfn.IFNA(VLOOKUP(TRIM(#REF!),Data!$A:$D,4,0)*#REF!,0) -> #REF! | L4: =IF(TRIM('DL 1'!G5)="EDCLNHT0IRNLI",20000,0) -> 0 | M4: =IF(ISERROR(MATCH('DL 1'!A5,#REF!,0)),0,J4*2) -> 0 | N4: =#REF! -> #REF! | O4: =_xlfn.IFNA(VLOOKUP(RIGHT(VLOOKUP(TRIM('DL 1'!G5),Data!$A:$B,2,0),1),Data!$L$23:$M$30,2,0),0) -> 0 | P4: =IF(G4<1,0,IF(G4<12000000,1,IF(AND(G4>=12000000,G4<25000000),2,IF(AND(G4>=25000000,G4<50000000),3,IF(AND(G4>=50000000),4,))))) -> 1 | Q4: =IF(AND(P4=1,S4<15),10000,IF(AND(P4=1,S4>=15,S4<18),15000,IF(AND(P4=1,S4>=18),20000,(IF(AND(P4=2,S4<15),18000,IF(AND(P4=2,S4>=15,S4<18),23000,IF(AND(P4=2,S4>=18),28000,IF(AND(P4=3,S4<15),26000,IF(AND(P4=3,S4>=15,S4<18),31000,IF(AND(P4=3,S4>=18),36000,IF(AND(P4=4,S4<15),34000,IF(AND(P4=4,S4>=15,S4<18),39000,IF(AND(P4=4,S4>=18),44000))))))))))))) -> 20000 | R4: =INCENTIVE!$E$8 -> 130000000 | S4: ='DL 1'!D5 -> 36 | T4: =(IF(S4>=24,"5",IF(S4>=18,"4",IF(S4>=15,"3",IF(S4>=12,"2","1"))))) -> 5 | V4: =(IF(S4>=12,"6",IF(S4>=9,"5",IF(S4>=8,"4",IF(S4>=7,"3",IF(S4=6,"2","1")))))) -> 6 | W4: =IF(AND(V4="6",R4>=7.7),115%,IF(AND(V4="6",R4>=7.5),105%,IF(AND(V4="6",R4>=7.3),100%,IF(AND(V4="6",R4>=7),100%,IF(AND(V4="6",R4<7),100%,IF(AND(V4="5",R4>=7.7),110%,IF(AND(V4="5",R4>=7.5),100%,IF(AND(V4="5",R4>=7.3),100%,IF(AND(V4="5",R4>=7),100%,IF(AND(V4="5",R4<7),100%,IF(AND(V4="4",R4>=7.7),105%,IF(AND(V4="4",R4>=7.5),100%,IF(AND(V4="4",R4>=7.3),95%,IF(AND(V4="4",R4>=7),90%,IF(AND(V4="4",R4<7),80%,IF(AND(V4="3",R4>=7.7),100%,IF(AND(V4="3",R4>=7.5),90%,IF(AND(V4="3",R4>=7.3),80%,IF(AND(V4="3",R4>=7),70%,IF(AND(V4="3",R4<7),60%,IF(AND(V4="2",R4>=7.7),60%,IF(AND(V4="2",R4>=7.5),50%,IF(AND(V4="2",R4>=7.3),35%,IF(AND(V4="2",R4>=7),35%,IF(AND(V4="2",R4<7),25%,25%))))))))))))))))))))))))) -> 1.15 | X4: ='DL 1'!E5 -> 9000000 | Y4: ='DL 1'!G5 -> B | Z4: =IF(AND(#REF!="1",Y4="A"),0.9,IF(AND(#REF!="1",Y4="B"),0.7,IF(AND(#REF!="1",Y4="C"),0,IF(AND(#REF!="1",Y4="D"),0,IF(AND(#REF!="2",Y4="A"),1.2,IF(AND(#REF!="2",Y4="B"),1,IF(AND(#REF!="2",Y4="C"),0.1,IF(AND(#REF!="2",Y4="D"),0,IF(AND(#REF!="3",Y4="A"),1.3,IF(AND(#REF!="3",Y4="B"),1.1,IF(AND(#REF!="3",Y4="C"),0.3,IF(AND(#REF!="3",Y4="D"),0,IF(AND(#REF!="4",Y4="A"),1.5,IF(AND(#REF!="4",Y4="B"),1.3,IF(AND(#REF!="4",Y4="C"),0.4,IF(AND(#REF!="4",Y4="D"),0,IF(AND(#REF!="5",Y4="A"),1.6,IF(AND(#REF!="5",Y4="B"),1.4,IF(AND(#REF!="5",Y4="C"),0.5,IF(AND(#REF!="5",Y4="D"),0,)))))))))))))))))))) -> #REF! | AB4: =_xlfn.IFNA(INDEX(Data!$H$66:$L$69,MATCH('DL 1'!D5,Data!$G$66:$G$69,1),MATCH(CONVERT!#REF!,Data!$H$65:$L$65,1)),0) -> 0 | AC4: =IFERROR(VLOOKUP(Y4,Data!$G$65:$L$69,2,0) *X4,"") -> 6300000 | AD4: =SUM(AC4) -> 6300000 | AE4: ='DL 1'!F5 -> N | AF4: =IFERROR(VLOOKUP(Y4,Data!$G$65:$K$79,4,0),"") -> 1.1 | AG4: =#REF! -> #REF! | AK4: =IF(G4<1,0,IF(G4<12000000,1,IF(AND(G4>=12000000,G4<25000000),2,IF(AND(G4>=25000000,G4<50000000),3,IF(AND(G4>=50000000),4,))))) -> 1 | AL4: =IF(AND(S4<12,Y4="A"),0.9,IF(AND(S4<12,Y4="B"),0.7,IF(AND(S4<12,Y4="C"),0,IF(AND(S4<12,Y4="D"),0,IF(AND(S4>=12,S4<15,Y4="A"),1.2,IF(AND(S4>=12,S4<15,Y4="B"),1,IF(AND(S4>=12,S4<15,Y4="C"),0.1,IF(AND(S4>=12,S4<15,Y4="D"),0,IF(AND(S4>=15,S4<18,Y4="A"),1.3,IF(AND(S4>=15,S4<18,Y4="B"),1.1,IF(AND(S4>=15,S4<18,Y4="C"),0.3,IF(AND(S4>=15,S4<18,Y4="D"),0,IF(AND(S4>=18,S4<24,Y4="A"),1.5,IF(AND(S4>=18,S4<24,Y4="B"),1.3,IF(AND(S4>=18,S4<24,Y4="C"),0.4,IF(AND(S4>=18,S4<24,Y4="D"),0,IF(AND(S4>=24,Y4="A"),1.6,IF(AND(S4>=24,Y4="B"),1.4,IF(AND(S4>=24,Y4="C"),0.5,IF(AND(S4>=24,Y4="D"),0,)))))))))))))))))))) -> 1.4 | AM4: =X4*(AL4/100) -> 126000 | AN4: =Q4 -> 20000
A5: =IF(D5="A",_xlfn.IFNA(INDEX(Data!$H$24:$J$28,MATCH('DL 1'!E6,Data!$G$24:$G$28,1),MATCH('DL 1'!D6,Data!$H$23:$J$23,1)),0),0) -> 40000 | B5: =IF('DL 1'!F6="Y",Q5,0) -> 36000 | C5: =_xlfn.IFNA(INDEX(Data!$H$24:$J$28,MATCH(#REF!,Data!$G$24:$G$28,1),MATCH(#REF!,Data!$H$23:$J$23,1)),0) -> #REF! | D5: =RIGHT(TRIM('DL 1'!G6),1) -> A | E5: ='DL 1'!E6*'DL 1'!D6 -> 435000000 | F5: =_xlfn.IFNA(VLOOKUP(TRIM('DL 1'!G6),Data!$A:$C,3,0),"") | G5: ='DL 1'!E6 -> 29000000 | H5: =_xlfn.IFNA(VLOOKUP(TRIM('DL 1'!G6),Data!$A:$D,4,0),0) -> 0 | I5: =_xlfn.IFNA(INDEX(Data!$G$5:$K$10,MATCH('DL 1'!D6,Data!$F$5:$F$10,1),MATCH(_xlfn.SINGLE(#REF!),Data!$G$4:$K$4,1)),0) -> #REF! | J5: =_xlfn.IFNA(IF(VLOOKUP(TRIM('DL 1'!G6),Data!$A:$C,3,0)="ST1",H5*I5*G5,IF(VLOOKUP(TRIM('DL 1'!G6),Data!$A:$C,3,0)="IR0",H5*G5,MIN(H5:I5)*G5)),0) -> 0 | K5: =_xlfn.IFNA(VLOOKUP(TRIM(#REF!),Data!$A:$D,4,0)*#REF!,0) -> #REF! | L5: =IF(TRIM('DL 1'!G6)="EDCLNHT0IRNLI",20000,0) -> 0 | M5: =IF(ISERROR(MATCH('DL 1'!A6,#REF!,0)),0,J5*2) -> 0 | N5: =#REF! -> #REF! | O5: =_xlfn.IFNA(VLOOKUP(RIGHT(VLOOKUP(TRIM('DL 1'!G6),Data!$A:$B,2,0),1),Data!$L$23:$M$30,2,0),0) -> 0 | P5: =IF(G5<1,0,IF(G5<12000000,1,IF(AND(G5>=12000000,G5<25000000),2,IF(AND(G5>=25000000,G5<50000000),3,IF(AND(G5>=50000000),4,))))) -> 3 | Q5: =IF(AND(P5=1,S5<15),10000,IF(AND(P5=1,S5>=15,S5<18),15000,IF(AND(P5=1,S5>=18),20000,(IF(AND(P5=2,S5<15),18000,IF(AND(P5=2,S5>=15,S5<18),23000,IF(AND(P5=2,S5>=18),28000,IF(AND(P5=3,S5<15),26000,IF(AND(P5=3,S5>=15,S5<18),31000,IF(AND(P5=3,S5>=18),36000,IF(AND(P5=4,S5<15),34000,IF(AND(P5=4,S5>=15,S5<18),39000,IF(AND(P5=4,S5>=18),44000))))))))))))) -> 36000 | R5: =INCENTIVE!$E$8 -> 130000000 | S5: 18 | T5: =(IF(S5>=24,"5",IF(S5>=18,"4",IF(S5>=15,"3",IF(S5>=12,"2","1"))))) -> 4 | V5: =(IF(S5>=12,"6",IF(S5>=9,"5",IF(S5>=8,"4",IF(S5>=7,"3",IF(S5=6,"2","1")))))) -> 6 | W5: =IF(AND(V5="6",R5>=7.7),115%,IF(AND(V5="6",R5>=7.5),105%,IF(AND(V5="6",R5>=7.3),100%,IF(AND(V5="6",R5>=7),100%,IF(AND(V5="6",R5<7),100%,IF(AND(V5="5",R5>=7.7),110%,IF(AND(V5="5",R5>=7.5),100%,IF(AND(V5="5",R5>=7.3),100%,IF(AND(V5="5",R5>=7),100%,IF(AND(V5="5",R5<7),100%,IF(AND(V5="4",R5>=7.7),105%,IF(AND(V5="4",R5>=7.5),100%,IF(AND(V5="4",R5>=7.3),95%,IF(AND(V5="4",R5>=7),90%,IF(AND(V5="4",R5<7),80%,IF(AND(V5="3",R5>=7.7),100%,IF(AND(V5="3",R5>=7.5),90%,IF(AND(V5="3",R5>=7.3),80%,IF(AND(V5="3",R5>=7),70%,IF(AND(V5="3",R5<7),60%,IF(AND(V5="2",R5>=7.7),60%,IF(AND(V5="2",R5>=7.5),50%,IF(AND(V5="2",R5>=7.3),35%,IF(AND(V5="2",R5>=7),35%,IF(AND(V5="2",R5<7),25%,25%))))))))))))))))))))))))) -> 1.15 | X5: ='DL 1'!E6 -> 29000000 | Y5: ='DL 1'!G6 -> A | Z5: =IF(AND(#REF!="1",Y5="A"),0.9,IF(AND(#REF!="1",Y5="B"),0.7,IF(AND(#REF!="1",Y5="C"),0,IF(AND(#REF!="1",Y5="D"),0,IF(AND(#REF!="2",Y5="A"),1.2,IF(AND(#REF!="2",Y5="B"),1,IF(AND(#REF!="2",Y5="C"),0.1,IF(AND(#REF!="2",Y5="D"),0,IF(AND(#REF!="3",Y5="A"),1.3,IF(AND(#REF!="3",Y5="B"),1.1,IF(AND(#REF!="3",Y5="C"),0.3,IF(AND(#REF!="3",Y5="D"),0,IF(AND(#REF!="4",Y5="A"),1.5,IF(AND(#REF!="4",Y5="B"),1.3,IF(AND(#REF!="4",Y5="C"),0.4,IF(AND(#REF!="4",Y5="D"),0,IF(AND(#REF!="5",Y5="A"),1.6,IF(AND(#REF!="5",Y5="B"),1.4,IF(AND(#REF!="5",Y5="C"),0.5,IF(AND(#REF!="5",Y5="D"),0,)))))))))))))))))))) -> #REF! | AB5: =_xlfn.IFNA(INDEX(Data!$H$66:$L$69,MATCH('DL 1'!D6,Data!$G$66:$G$69,1),MATCH(CONVERT!#REF!,Data!$H$65:$L$65,1)),0) -> 0 | AC5: =IFERROR(VLOOKUP(Y5,Data!$G$65:$L$69,2,0) *X5,"") -> 26100000 | AD5: =SUM(AC5) -> 26100000 | AE5: ='DL 1'!F6 -> Y | AF5: =IFERROR(VLOOKUP(Y5,Data!$G$65:$K$79,4,0),"") -> 1.3 | AG5: =#REF! -> #REF! | AK5: =IF(G5<1,0,IF(G5<12000000,1,IF(AND(G5>=12000000,G5<25000000),2,IF(AND(G5>=25000000,G5<50000000),3,IF(AND(G5>=50000000),4,))))) -> 3 | AL5: =IF(AND(S5<12,Y5="A"),0.9,IF(AND(S5<12,Y5="B"),0.7,IF(AND(S5<12,Y5="C"),0,IF(AND(S5<12,Y5="D"),0,IF(AND(S5>=12,S5<15,Y5="A"),1.2,IF(AND(S5>=12,S5<15,Y5="B"),1,IF(AND(S5>=12,S5<15,Y5="C"),0.1,IF(AND(S5>=12,S5<15,Y5="D"),0,IF(AND(S5>=15,S5<18,Y5="A"),1.3,IF(AND(S5>=15,S5<18,Y5="B"),1.1,IF(AND(S5>=15,S5<18,Y5="C"),0.3,IF(AND(S5>=15,S5<18,Y5="D"),0,IF(AND(S5>=18,S5<24,Y5="A"),1.5,IF(AND(S5>=18,S5<24,Y5="B"),1.3,IF(AND(S5>=18,S5<24,Y5="C"),0.4,IF(AND(S5>=18,S5<24,Y5="D"),0,IF(AND(S5>=24,Y5="A"),1.6,IF(AND(S5>=24,Y5="B"),1.4,IF(AND(S5>=24,Y5="C"),0.5,IF(AND(S5>=24,Y5="D"),0,)))))))))))))))))))) -> 1.5 | AM5: =X5*(AL5/100) -> 435000 | AN5: =Q5 -> 36000
A6: =IF(D6="A",_xlfn.IFNA(INDEX(Data!$H$24:$J$28,MATCH('DL 1'!E7,Data!$G$24:$G$28,1),MATCH('DL 1'!D7,Data!$H$23:$J$23,1)),0),0) -> 0 | B6: =IF('DL 1'!F7="Y",Q6,0) -> 31000 | C6: =_xlfn.IFNA(INDEX(Data!$H$24:$J$28,MATCH(#REF!,Data!$G$24:$G$28,1),MATCH(#REF!,Data!$H$23:$J$23,1)),0) -> #REF! | D6: =RIGHT(TRIM('DL 1'!G7),1) -> C | E6: ='DL 1'!E7*'DL 1'!D7 -> 435000000 | F6: =_xlfn.IFNA(VLOOKUP(TRIM('DL 1'!G7),Data!$A:$C,3,0),"") | G6: ='DL 1'!E7 -> 29000000 | H6: =_xlfn.IFNA(VLOOKUP(TRIM('DL 1'!G7),Data!$A:$D,4,0),0) -> 0 | I6: =_xlfn.IFNA(INDEX(Data!$G$5:$K$10,MATCH('DL 1'!D7,Data!$F$5:$F$10,1),MATCH(_xlfn.SINGLE(#REF!),Data!$G$4:$K$4,1)),0) -> #REF! | J6: =_xlfn.IFNA(IF(VLOOKUP(TRIM('DL 1'!G7),Data!$A:$C,3,0)="ST1",H6*I6*G6,IF(VLOOKUP(TRIM('DL 1'!G7),Data!$A:$C,3,0)="IR0",H6*G6,MIN(H6:I6)*G6)),0) -> 0 | K6: =_xlfn.IFNA(VLOOKUP(TRIM(#REF!),Data!$A:$D,4,0)*#REF!,0) -> #REF! | L6: =IF(TRIM('DL 1'!G7)="EDCLNHT0IRNLI",20000,0) -> 0 | M6: =IF(ISERROR(MATCH('DL 1'!A7,#REF!,0)),0,J6*2) -> 0 | N6: =#REF! -> #REF! | O6: =_xlfn.IFNA(VLOOKUP(RIGHT(VLOOKUP(TRIM('DL 1'!G7),Data!$A:$B,2,0),1),Data!$L$23:$M$30,2,0),0) -> 0 | P6: =IF(G6<1,0,IF(G6<12000000,1,IF(AND(G6>=12000000,G6<25000000),2,IF(AND(G6>=25000000,G6<50000000),3,IF(AND(G6>=50000000),4,))))) -> 3 | Q6: =IF(AND(P6=1,S6<15),10000,IF(AND(P6=1,S6>=15,S6<18),15000,IF(AND(P6=1,S6>=18),20000,(IF(AND(P6=2,S6<15),18000,IF(AND(P6=2,S6>=15,S6<18),23000,IF(AND(P6=2,S6>=18),28000,IF(AND(P6=3,S6<15),26000,IF(AND(P6=3,S6>=15,S6<18),31000,IF(AND(P6=3,S6>=18),36000,IF(AND(P6=4,S6<15),34000,IF(AND(P6=4,S6>=15,S6<18),39000,IF(AND(P6=4,S6>=18),44000))))))))))))) -> 31000 | R6: =INCENTIVE!$E$8 -> 130000000 | S6: ='DL 1'!D7 -> 15 | T6: =(IF(S6>=24,"5",IF(S6>=18,"4",IF(S6>=15,"3",IF(S6>=12,"2","1"))))) -> 3 | V6: =(IF(S6>=12,"6",IF(S6>=9,"5",IF(S6>=8,"4",IF(S6>=7,"3",IF(S6=6,"2","1")))))) -> 6 | W6: =IF(AND(V6="6",R6>=7.7),115%,IF(AND(V6="6",R6>=7.5),105%,IF(AND(V6="6",R6>=7.3),100%,IF(AND(V6="6",R6>=7),100%,IF(AND(V6="6",R6<7),100%,IF(AND(V6="5",R6>=7.7),110%,IF(AND(V6="5",R6>=7.5),100%,IF(AND(V6="5",R6>=7.3),100%,IF(AND(V6="5",R6>=7),100%,IF(AND(V6="5",R6<7),100%,IF(AND(V6="4",R6>=7.7),105%,IF(AND(V6="4",R6>=7.5),100%,IF(AND(V6="4",R6>=7.3),95%,IF(AND(V6="4",R6>=7),90%,IF(AND(V6="4",R6<7),80%,IF(AND(V6="3",R6>=7.7),100%,IF(AND(V6="3",R6>=7.5),90%,IF(AND(V6="3",R6>=7.3),80%,IF(AND(V6="3",R6>=7),70%,IF(AND(V6="3",R6<7),60%,IF(AND(V6="2",R6>=7.7),60%,IF(AND(V6="2",R6>=7.5),50%,IF(AND(V6="2",R6>=7.3),35%,IF(AND(V6="2",R6>=7),35%,IF(AND(V6="2",R6<7),25%,25%))))))))))))))))))))))))) -> 1.15 | X6: ='DL 1'!E7 -> 29000000 | Y6: ='DL 1'!G7 -> C | Z6: =IF(AND(#REF!="1",Y6="A"),0.9,IF(AND(#REF!="1",Y6="B"),0.7,IF(AND(#REF!="1",Y6="C"),0,IF(AND(#REF!="1",Y6="D"),0,IF(AND(#REF!="2",Y6="A"),1.2,IF(AND(#REF!="2",Y6="B"),1,IF(AND(#REF!="2",Y6="C"),0.1,IF(AND(#REF!="2",Y6="D"),0,IF(AND(#REF!="3",Y6="A"),1.3,IF(AND(#REF!="3",Y6="B"),1.1,IF(AND(#REF!="3",Y6="C"),0.3,IF(AND(#REF!="3",Y6="D"),0,IF(AND(#REF!="4",Y6="A"),1.5,IF(AND(#REF!="4",Y6="B"),1.3,IF(AND(#REF!="4",Y6="C"),0.4,IF(AND(#REF!="4",Y6="D"),0,IF(AND(#REF!="5",Y6="A"),1.6,IF(AND(#REF!="5",Y6="B"),1.4,IF(AND(#REF!="5",Y6="C"),0.5,IF(AND(#REF!="5",Y6="D"),0,)))))))))))))))))))) -> #REF! | AB6: =_xlfn.IFNA(INDEX(Data!$H$66:$L$69,MATCH('DL 1'!D7,Data!$G$66:$G$69,1),MATCH(CONVERT!#REF!,Data!$H$65:$L$65,1)),0) -> 0 | AC6: =IFERROR(VLOOKUP(Y6,Data!$G$65:$L$69,2,0) *X6,"") -> 0 | AD6: =SUM(AC6) -> 0 | AE6: ='DL 1'!F7 -> Y | AF6: =IFERROR(VLOOKUP(Y6,Data!$G$65:$K$79,4,0),"") -> 0.3 | AG6: =#REF! -> #REF! | AK6: =IF(G6<1,0,IF(G6<12000000,1,IF(AND(G6>=12000000,G6<25000000),2,IF(AND(G6>=25000000,G6<50000000),3,IF(AND(G6>=50000000),4,))))) -> 3 | AL6: =IF(AND(S6<12,Y6="A"),0.9,IF(AND(S6<12,Y6="B"),0.7,IF(AND(S6<12,Y6="C"),0,IF(AND(S6<12,Y6="D"),0,IF(AND(S6>=12,S6<15,Y6="A"),1.2,IF(AND(S6>=12,S6<15,Y6="B"),1,IF(AND(S6>=12,S6<15,Y6="C"),0.1,IF(AND(S6>=12,S6<15,Y6="D"),0,IF(AND(S6>=15,S6<18,Y6="A"),1.3,IF(AND(S6>=15,S6<18,Y6="B"),1.1,IF(AND(S6>=15,S6<18,Y6="C"),0.3,IF(AND(S6>=15,S6<18,Y6="D"),0,IF(AND(S6>=18,S6<24,Y6="A"),1.5,IF(AND(S6>=18,S6<24,Y6="B"),1.3,IF(AND(S6>=18,S6<24,Y6="C"),0.4,IF(AND(S6>=18,S6<24,Y6="D"),0,IF(AND(S6>=24,Y6="A"),1.6,IF(AND(S6>=24,Y6="B"),1.4,IF(AND(S6>=24,Y6="C"),0.5,IF(AND(S6>=24,Y6="D"),0,)))))))))))))))))))) -> 0.3 | AM6: =X6*(AL6/100) -> 87000 | AN6: =Q6 -> 31000
A7: =IF(D7="A",_xlfn.IFNA(INDEX(Data!$H$24:$J$28,MATCH('DL 1'!E8,Data!$G$24:$G$28,1),MATCH('DL 1'!D8,Data!$H$23:$J$23,1)),0),0) -> 40000 | B7: =IF('DL 1'!F8="Y",Q7,0) -> 26000 | C7: =_xlfn.IFNA(INDEX(Data!$H$24:$J$28,MATCH(#REF!,Data!$G$24:$G$28,1),MATCH(#REF!,Data!$H$23:$J$23,1)),0) -> #REF! | D7: =RIGHT(TRIM('DL 1'!G8),1) -> A | E7: ='DL 1'!E8*'DL 1'!D8 -> 348000000 | F7: =_xlfn.IFNA(VLOOKUP(TRIM('DL 1'!G8),Data!$A:$C,3,0),"") | G7: ='DL 1'!E8 -> 29000000 | H7: =_xlfn.IFNA(VLOOKUP(TRIM('DL 1'!G8),Data!$A:$D,4,0),0) -> 0 | I7: =_xlfn.IFNA(INDEX(Data!$G$5:$K$10,MATCH('DL 1'!D8,Data!$F$5:$F$10,1),MATCH(_xlfn.SINGLE(#REF!),Data!$G$4:$K$4,1)),0) -> #REF! | J7: =_xlfn.IFNA(IF(VLOOKUP(TRIM('DL 1'!G8),Data!$A:$C,3,0)="ST1",H7*I7*G7,IF(VLOOKUP(TRIM('DL 1'!G8),Data!$A:$C,3,0)="IR0",H7*G7,MIN(H7:I7)*G7)),0) -> 0 | K7: =_xlfn.IFNA(VLOOKUP(TRIM(#REF!),Data!$A:$D,4,0)*#REF!,0) -> #REF! | L7: =IF(TRIM('DL 1'!G8)="EDCLNHT0IRNLI",20000,0) -> 0 | M7: =IF(ISERROR(MATCH('DL 1'!A8,#REF!,0)),0,J7*2) -> 0 | N7: =#REF! -> #REF! | O7: =_xlfn.IFNA(VLOOKUP(RIGHT(VLOOKUP(TRIM('DL 1'!G8),Data!$A:$B,2,0),1),Data!$L$23:$M$30,2,0),0) -> 0 | P7: =IF(G7<1,0,IF(G7<12000000,1,IF(AND(G7>=12000000,G7<25000000),2,IF(AND(G7>=25000000,G7<50000000),3,IF(AND(G7>=50000000),4,))))) -> 3 | Q7: =IF(AND(P7=1,S7<15),10000,IF(AND(P7=1,S7>=15,S7<18),15000,IF(AND(P7=1,S7>=18),20000,(IF(AND(P7=2,S7<15),18000,IF(AND(P7=2,S7>=15,S7<18),23000,IF(AND(P7=2,S7>=18),28000,IF(AND(P7=3,S7<15),26000,IF(AND(P7=3,S7>=15,S7<18),31000,IF(AND(P7=3,S7>=18),36000,IF(AND(P7=4,S7<15),34000,IF(AND(P7=4,S7>=15,S7<18),39000,IF(AND(P7=4,S7>=18),44000))))))))))))) -> 26000 | R7: =INCENTIVE!$E$8 -> 130000000 | S7: ='DL 1'!D8 -> 12 | T7: =(IF(S7>=24,"5",IF(S7>=18,"4",IF(S7>=15,"3",IF(S7>=12,"2","1"))))) -> 2 | V7: =(IF(S7>=12,"6",IF(S7>=9,"5",IF(S7>=8,"4",IF(S7>=7,"3",IF(S7=6,"2","1")))))) -> 6 | W7: =IF(AND(V7="6",R7>=7.7),115%,IF(AND(V7="6",R7>=7.5),105%,IF(AND(V7="6",R7>=7.3),100%,IF(AND(V7="6",R7>=7),100%,IF(AND(V7="6",R7<7),100%,IF(AND(V7="5",R7>=7.7),110%,IF(AND(V7="5",R7>=7.5),100%,IF(AND(V7="5",R7>=7.3),100%,IF(AND(V7="5",R7>=7),100%,IF(AND(V7="5",R7<7),100%,IF(AND(V7="4",R7>=7.7),105%,IF(AND(V7="4",R7>=7.5),100%,IF(AND(V7="4",R7>=7.3),95%,IF(AND(V7="4",R7>=7),90%,IF(AND(V7="4",R7<7),80%,IF(AND(V7="3",R7>=7.7),100%,IF(AND(V7="3",R7>=7.5),90%,IF(AND(V7="3",R7>=7.3),80%,IF(AND(V7="3",R7>=7),70%,IF(AND(V7="3",R7<7),60%,IF(AND(V7="2",R7>=7.7),60%,IF(AND(V7="2",R7>=7.5),50%,IF(AND(V7="2",R7>=7.3),35%,IF(AND(V7="2",R7>=7),35%,IF(AND(V7="2",R7<7),25%,25%))))))))))))))))))))))))) -> 1.15 | X7: ='DL 1'!E8 -> 29000000 | Y7: ='DL 1'!G8 -> A | Z7: =IF(AND(#REF!="1",Y7="A"),0.9,IF(AND(#REF!="1",Y7="B"),0.7,IF(AND(#REF!="1",Y7="C"),0,IF(AND(#REF!="1",Y7="D"),0,IF(AND(#REF!="2",Y7="A"),1.2,IF(AND(#REF!="2",Y7="B"),1,IF(AND(#REF!="2",Y7="C"),0.1,IF(AND(#REF!="2",Y7="D"),0,IF(AND(#REF!="3",Y7="A"),1.3,IF(AND(#REF!="3",Y7="B"),1.1,IF(AND(#REF!="3",Y7="C"),0.3,IF(AND(#REF!="3",Y7="D"),0,IF(AND(#REF!="4",Y7="A"),1.5,IF(AND(#REF!="4",Y7="B"),1.3,IF(AND(#REF!="4",Y7="C"),0.4,IF(AND(#REF!="4",Y7="D"),0,IF(AND(#REF!="5",Y7="A"),1.6,IF(AND(#REF!="5",Y7="B"),1.4,IF(AND(#REF!="5",Y7="C"),0.5,IF(AND(#REF!="5",Y7="D"),0,)))))))))))))))))))) -> #REF! | AB7: =_xlfn.IFNA(INDEX(Data!$H$66:$L$69,MATCH('DL 1'!D8,Data!$G$66:$G$69,1),MATCH(CONVERT!#REF!,Data!$H$65:$L$65,1)),0) -> 0 | AC7: =IFERROR(VLOOKUP(Y7,Data!$G$65:$L$69,2,0) *X7,"") -> 26100000 | AD7: =SUM(AC7) -> 26100000 | AE7: ='DL 1'!F8 -> Y | AF7: =IFERROR(VLOOKUP(Y7,Data!$G$65:$K$79,4,0),"") -> 1.3 | AG7: =#REF! -> #REF! | AK7: =IF(G7<1,0,IF(G7<12000000,1,IF(AND(G7>=12000000,G7<25000000),2,IF(AND(G7>=25000000,G7<50000000),3,IF(AND(G7>=50000000),4,))))) -> 3 | AL7: =IF(AND(S7<12,Y7="A"),0.9,IF(AND(S7<12,Y7="B"),0.7,IF(AND(S7<12,Y7="C"),0,IF(AND(S7<12,Y7="D"),0,IF(AND(S7>=12,S7<15,Y7="A"),1.2,IF(AND(S7>=12,S7<15,Y7="B"),1,IF(AND(S7>=12,S7<15,Y7="C"),0.1,IF(AND(S7>=12,S7<15,Y7="D"),0,IF(AND(S7>=15,S7<18,Y7="A"),1.3,IF(AND(S7>=15,S7<18,Y7="B"),1.1,IF(AND(S7>=15,S7<18,Y7="C"),0.3,IF(AND(S7>=15,S7<18,Y7="D"),0,IF(AND(S7>=18,S7<24,Y7="A"),1.5,IF(AND(S7>=18,S7<24,Y7="B"),1.3,IF(AND(S7>=18,S7<24,Y7="C"),0.4,IF(AND(S7>=18,S7<24,Y7="D"),0,IF(AND(S7>=24,Y7="A"),1.6,IF(AND(S7>=24,Y7="B"),1.4,IF(AND(S7>=24,Y7="C"),0.5,IF(AND(S7>=24,Y7="D"),0,)))))))))))))))))))) -> 1.2 | AM7: =X7*(AL7/100) -> 348000 | AN7: =Q7 -> 26000
A8: =IF(D8="A",_xlfn.IFNA(INDEX(Data!$H$24:$J$28,MATCH('DL 1'!E9,Data!$G$24:$G$28,1),MATCH('DL 1'!D9,Data!$H$23:$J$23,1)),0),0) -> 0 | B8: =IF('DL 1'!F9="Y",Q8,0) -> 10000 | C8: =_xlfn.IFNA(INDEX(Data!$H$24:$J$28,MATCH(#REF!,Data!$G$24:$G$28,1),MATCH(#REF!,Data!$H$23:$J$23,1)),0) -> #REF! | D8: =RIGHT(TRIM('DL 1'!G9),1) -> C | E8: ='DL 1'!E9*'DL 1'!D9 -> 81000000 | F8: =_xlfn.IFNA(VLOOKUP(TRIM('DL 1'!G9),Data!$A:$C,3,0),"") | G8: ='DL 1'!E9 -> 9000000 | H8: =_xlfn.IFNA(VLOOKUP(TRIM('DL 1'!G9),Data!$A:$D,4,0),0) -> 0 | I8: =_xlfn.IFNA(INDEX(Data!$G$5:$K$10,MATCH('DL 1'!D9,Data!$F$5:$F$10,1),MATCH(_xlfn.SINGLE(#REF!),Data!$G$4:$K$4,1)),0) -> #REF! | J8: =_xlfn.IFNA(IF(VLOOKUP(TRIM('DL 1'!G9),Data!$A:$C,3,0)="ST1",H8*I8*G8,IF(VLOOKUP(TRIM('DL 1'!G9),Data!$A:$C,3,0)="IR0",H8*G8,MIN(H8:I8)*G8)),0) -> 0 | K8: =_xlfn.IFNA(VLOOKUP(TRIM(#REF!),Data!$A:$D,4,0)*#REF!,0) -> #REF! | L8: =IF(TRIM('DL 1'!G9)="EDCLNHT0IRNLI",20000,0) -> 0 | M8: =IF(ISERROR(MATCH('DL 1'!A9,#REF!,0)),0,J8*2) -> 0 | N8: =#REF! -> #REF! | O8: =_xlfn.IFNA(VLOOKUP(RIGHT(VLOOKUP(TRIM('DL 1'!G9),Data!$A:$B,2,0),1),Data!$L$23:$M$30,2,0),0) -> 0 | P8: =IF(G8<1,0,IF(G8<12000000,1,IF(AND(G8>=12000000,G8<25000000),2,IF(AND(G8>=25000000,G8<50000000),3,IF(AND(G8>=50000000),4,))))) -> 1 | Q8: =IF(AND(P8=1,S8<15),10000,IF(AND(P8=1,S8>=15,S8<18),15000,IF(AND(P8=1,S8>=18),20000,(IF(AND(P8=2,S8<15),18000,IF(AND(P8=2,S8>=15,S8<18),23000,IF(AND(P8=2,S8>=18),28000,IF(AND(P8=3,S8<15),26000,IF(AND(P8=3,S8>=15,S8<18),31000,IF(AND(P8=3,S8>=18),36000,IF(AND(P8=4,S8<15),34000,IF(AND(P8=4,S8>=15,S8<18),39000,IF(AND(P8=4,S8>=18),44000))))))))))))) -> 10000 | R8: =INCENTIVE!$E$8 -> 130000000 | S8: ='DL 1'!D9 -> 9 | T8: =(IF(S8>=24,"5",IF(S8>=18,"4",IF(S8>=15,"3",IF(S8>=12,"2","1"))))) -> 1 | V8: =(IF(S8>=12,"6",IF(S8>=9,"5",IF(S8>=8,"4",IF(S8>=7,"3",IF(S8=6,"2","1")))))) -> 5 | W8: =IF(AND(V8="6",R8>=7.7),115%,IF(AND(V8="6",R8>=7.5),105%,IF(AND(V8="6",R8>=7.3),100%,IF(AND(V8="6",R8>=7),100%,IF(AND(V8="6",R8<7),100%,IF(AND(V8="5",R8>=7.7),110%,IF(AND(V8="5",R8>=7.5),100%,IF(AND(V8="5",R8>=7.3),100%,IF(AND(V8="5",R8>=7),100%,IF(AND(V8="5",R8<7),100%,IF(AND(V8="4",R8>=7.7),105%,IF(AND(V8="4",R8>=7.5),100%,IF(AND(V8="4",R8>=7.3),95%,IF(AND(V8="4",R8>=7),90%,IF(AND(V8="4",R8<7),80%,IF(AND(V8="3",R8>=7.7),100%,IF(AND(V8="3",R8>=7.5),90%,IF(AND(V8="3",R8>=7.3),80%,IF(AND(V8="3",R8>=7),70%,IF(AND(V8="3",R8<7),60%,IF(AND(V8="2",R8>=7.7),60%,IF(AND(V8="2",R8>=7.5),50%,IF(AND(V8="2",R8>=7.3),35%,IF(AND(V8="2",R8>=7),35%,IF(AND(V8="2",R8<7),25%,25%))))))))))))))))))))))))) -> 1.1 | X8: ='DL 1'!E9 -> 9000000 | Y8: ='DL 1'!G9 -> C | Z8: =IF(AND(#REF!="1",Y8="A"),0.9,IF(AND(#REF!="1",Y8="B"),0.7,IF(AND(#REF!="1",Y8="C"),0,IF(AND(#REF!="1",Y8="D"),0,IF(AND(#REF!="2",Y8="A"),1.2,IF(AND(#REF!="2",Y8="B"),1,IF(AND(#REF!="2",Y8="C"),0.1,IF(AND(#REF!="2",Y8="D"),0,IF(AND(#REF!="3",Y8="A"),1.3,IF(AND(#REF!="3",Y8="B"),1.1,IF(AND(#REF!="3",Y8="C"),0.3,IF(AND(#REF!="3",Y8="D"),0,IF(AND(#REF!="4",Y8="A"),1.5,IF(AND(#REF!="4",Y8="B"),1.3,IF(AND(#REF!="4",Y8="C"),0.4,IF(AND(#REF!="4",Y8="D"),0,IF(AND(#REF!="5",Y8="A"),1.6,IF(AND(#REF!="5",Y8="B"),1.4,IF(AND(#REF!="5",Y8="C"),0.5,IF(AND(#REF!="5",Y8="D"),0,)))))))))))))))))))) -> #REF! | AB8: =_xlfn.IFNA(INDEX(Data!$H$66:$L$69,MATCH('DL 1'!D9,Data!$G$66:$G$69,1),MATCH(CONVERT!#REF!,Data!$H$65:$L$65,1)),0) -> 0 | AC8: =IFERROR(VLOOKUP(Y8,Data!$G$65:$L$69,2,0) *X8,"") -> 0 | AD8: =SUM(AC8) -> 0 | AE8: ='DL 1'!F9 -> Y | AF8: =IFERROR(VLOOKUP(Y8,Data!$G$65:$K$79,4,0),"") -> 0.3 | AG8: =#REF! -> #REF! | AK8: =IF(G8<1,0,IF(G8<12000000,1,IF(AND(G8>=12000000,G8<25000000),2,IF(AND(G8>=25000000,G8<50000000),3,IF(AND(G8>=50000000),4,))))) -> 1 | AL8: =IF(AND(S8<12,Y8="A"),0.9,IF(AND(S8<12,Y8="B"),0.7,IF(AND(S8<12,Y8="C"),0,IF(AND(S8<12,Y8="D"),0,IF(AND(S8>=12,S8<15,Y8="A"),1.2,IF(AND(S8>=12,S8<15,Y8="B"),1,IF(AND(S8>=12,S8<15,Y8="C"),0.1,IF(AND(S8>=12,S8<15,Y8="D"),0,IF(AND(S8>=15,S8<18,Y8="A"),1.3,IF(AND(S8>=15,S8<18,Y8="B"),1.1,IF(AND(S8>=15,S8<18,Y8="C"),0.3,IF(AND(S8>=15,S8<18,Y8="D"),0,IF(AND(S8>=18,S8<24,Y8="A"),1.5,IF(AND(S8>=18,S8<24,Y8="B"),1.3,IF(AND(S8>=18,S8<24,Y8="C"),0.4,IF(AND(S8>=18,S8<24,Y8="D"),0,IF(AND(S8>=24,Y8="A"),1.6,IF(AND(S8>=24,Y8="B"),1.4,IF(AND(S8>=24,Y8="C"),0.5,IF(AND(S8>=24,Y8="D"),0,)))))))))))))))))))) -> 0 | AM8: =X8*(AL8/100) -> 0 | AN8: =Q8 -> 10000
A9: =IF(D9="A",_xlfn.IFNA(INDEX(Data!$H$24:$J$28,MATCH('DL 1'!E10,Data!$G$24:$G$28,1),MATCH('DL 1'!D10,Data!$H$23:$J$23,1)),0),0) -> 35000 | B9: =IF('DL 1'!F10="Y",Q9,0) -> 26000 | C9: =_xlfn.IFNA(INDEX(Data!$H$24:$J$28,MATCH(#REF!,Data!$G$24:$G$28,1),MATCH(#REF!,Data!$H$23:$J$23,1)),0) -> #REF! | D9: =RIGHT(TRIM('DL 1'!G10),1) -> A | E9: ='DL 1'!E10*'DL 1'!D10 -> 174000000 | F9: =_xlfn.IFNA(VLOOKUP(TRIM('DL 1'!G10),Data!$A:$C,3,0),"") | G9: ='DL 1'!E10 -> 29000000 | H9: =_xlfn.IFNA(VLOOKUP(TRIM('DL 1'!G10),Data!$A:$D,4,0),0) -> 0 | I9: =_xlfn.IFNA(INDEX(Data!$G$5:$K$10,MATCH('DL 1'!D10,Data!$F$5:$F$10,1),MATCH(_xlfn.SINGLE(#REF!),Data!$G$4:$K$4,1)),0) -> #REF! | J9: =_xlfn.IFNA(IF(VLOOKUP(TRIM('DL 1'!G10),Data!$A:$C,3,0)="ST1",H9*I9*G9,IF(VLOOKUP(TRIM('DL 1'!G10),Data!$A:$C,3,0)="IR0",H9*G9,MIN(H9:I9)*G9)),0) -> 0 | K9: =_xlfn.IFNA(VLOOKUP(TRIM(#REF!),Data!$A:$D,4,0)*#REF!,0) -> #REF! | L9: =IF(TRIM('DL 1'!G10)="EDCLNHT0IRNLI",20000,0) -> 0 | M9: =IF(ISERROR(MATCH('DL 1'!A10,#REF!,0)),0,J9*2) -> 0 | N9: =#REF! -> #REF! | O9: =_xlfn.IFNA(VLOOKUP(RIGHT(VLOOKUP(TRIM('DL 1'!G10),Data!$A:$B,2,0),1),Data!$L$23:$M$30,2,0),0) -> 0 | P9: =IF(G9<1,0,IF(G9<12000000,1,IF(AND(G9>=12000000,G9<25000000),2,IF(AND(G9>=25000000,G9<50000000),3,IF(AND(G9>=50000000),4,))))) -> 3 | Q9: =IF(AND(P9=1,S9<15),10000,IF(AND(P9=1,S9>=15,S9<18),15000,IF(AND(P9=1,S9>=18),20000,(IF(AND(P9=2,S9<15),18000,IF(AND(P9=2,S9>=15,S9<18),23000,IF(AND(P9=2,S9>=18),28000,IF(AND(P9=3,S9<15),26000,IF(AND(P9=3,S9>=15,S9<18),31000,IF(AND(P9=3,S9>=18),36000,IF(AND(P9=4,S9<15),34000,IF(AND(P9=4,S9>=15,S9<18),39000,IF(AND(P9=4,S9>=18),44000))))))))))))) -> 26000 | R9: =INCENTIVE!$E$8 -> 130000000 | S9: ='DL 1'!D10 -> 6 | T9: =(IF(S9>=24,"5",IF(S9>=18,"4",IF(S9>=15,"3",IF(S9>=12,"2","1"))))) -> 1 | V9: =(IF(S9>=12,"6",IF(S9>=9,"5",IF(S9>=8,"4",IF(S9>=7,"3",IF(S9=6,"2","1")))))) -> 2 | W9: =IF(AND(V9="6",R9>=7.7),115%,IF(AND(V9="6",R9>=7.5),105%,IF(AND(V9="6",R9>=7.3),100%,IF(AND(V9="6",R9>=7),100%,IF(AND(V9="6",R9<7),100%,IF(AND(V9="5",R9>=7.7),110%,IF(AND(V9="5",R9>=7.5),100%,IF(AND(V9="5",R9>=7.3),100%,IF(AND(V9="5",R9>=7),100%,IF(AND(V9="5",R9<7),100%,IF(AND(V9="4",R9>=7.7),105%,IF(AND(V9="4",R9>=7.5),100%,IF(AND(V9="4",R9>=7.3),95%,IF(AND(V9="4",R9>=7),90%,IF(AND(V9="4",R9<7),80%,IF(AND(V9="3",R9>=7.7),100%,IF(AND(V9="3",R9>=7.5),90%,IF(AND(V9="3",R9>=7.3),80%,IF(AND(V9="3",R9>=7),70%,IF(AND(V9="3",R9<7),60%,IF(AND(V9="2",R9>=7.7),60%,IF(AND(V9="2",R9>=7.5),50%,IF(AND(V9="2",R9>=7.3),35%,IF(AND(V9="2",R9>=7),35%,IF(AND(V9="2",R9<7),25%,25%))))))))))))))))))))))))) -> 0.6 | X9: ='DL 1'!E10 -> 29000000 | Y9: ='DL 1'!G10 -> A | Z9: =IF(AND(#REF!="1",Y9="A"),0.9,IF(AND(#REF!="1",Y9="B"),0.7,IF(AND(#REF!="1",Y9="C"),0,IF(AND(#REF!="1",Y9="D"),0,IF(AND(#REF!="2",Y9="A"),1.2,IF(AND(#REF!="2",Y9="B"),1,IF(AND(#REF!="2",Y9="C"),0.1,IF(AND(#REF!="2",Y9="D"),0,IF(AND(#REF!="3",Y9="A"),1.3,IF(AND(#REF!="3",Y9="B"),1.1,IF(AND(#REF!="3",Y9="C"),0.3,IF(AND(#REF!="3",Y9="D"),0,IF(AND(#REF!="4",Y9="A"),1.5,IF(AND(#REF!="4",Y9="B"),1.3,IF(AND(#REF!="4",Y9="C"),0.4,IF(AND(#REF!="4",Y9="D"),0,IF(AND(#REF!="5",Y9="A"),1.6,IF(AND(#REF!="5",Y9="B"),1.4,IF(AND(#REF!="5",Y9="C"),0.5,IF(AND(#REF!="5",Y9="D"),0,)))))))))))))))))))) -> #REF! | AB9: =_xlfn.IFNA(INDEX(Data!$H$66:$L$69,MATCH('DL 1'!D10,Data!$G$66:$G$69,1),MATCH(CONVERT!#REF!,Data!$H$65:$L$65,1)),0) -> 0 | AC9: =IFERROR(VLOOKUP(Y9,Data!$G$65:$L$69,2,0) *X9,"") -> 26100000 | AD9: =SUM(AC9) -> 26100000 | AE9: ='DL 1'!F10 -> Y | AF9: =IFERROR(VLOOKUP(Y9,Data!$G$65:$K$79,4,0),"") -> 1.3 | AG9: =#REF! -> #REF! | AK9: =IF(G9<1,0,IF(G9<12000000,1,IF(AND(G9>=12000000,G9<25000000),2,IF(AND(G9>=25000000,G9<50000000),3,IF(AND(G9>=50000000),4,))))) -> 3 | AL9: =IF(AND(S9<12,Y9="A"),0.9,IF(AND(S9<12,Y9="B"),0.7,IF(AND(S9<12,Y9="C"),0,IF(AND(S9<12,Y9="D"),0,IF(AND(S9>=12,S9<15,Y9="A"),1.2,IF(AND(S9>=12,S9<15,Y9="B"),1,IF(AND(S9>=12,S9<15,Y9="C"),0.1,IF(AND(S9>=12,S9<15,Y9="D"),0,IF(AND(S9>=15,S9<18,Y9="A"),1.3,IF(AND(S9>=15,S9<18,Y9="B"),1.1,IF(AND(S9>=15,S9<18,Y9="C"),0.3,IF(AND(S9>=15,S9<18,Y9="D"),0,IF(AND(S9>=18,S9<24,Y9="A"),1.5,IF(AND(S9>=18,S9<24,Y9="B"),1.3,IF(AND(S9>=18,S9<24,Y9="C"),0.4,IF(AND(S9>=18,S9<24,Y9="D"),0,IF(AND(S9>=24,Y9="A"),1.6,IF(AND(S9>=24,Y9="B"),1.4,IF(AND(S9>=24,Y9="C"),0.5,IF(AND(S9>=24,Y9="D"),0,)))))))))))))))))))) -> 0.9 | AM9: =X9*(AL9/100) -> 261000 | AN9: =Q9 -> 26000
A10: =IF(D10="A",_xlfn.IFNA(INDEX(Data!$H$24:$J$28,MATCH('DL 1'!E11,Data!$G$24:$G$28,1),MATCH('DL 1'!D11,Data!$H$23:$J$23,1)),0),0) -> 0 | B10: =IF('DL 1'!F11="Y",Q10,0) -> 10000 | C10: =_xlfn.IFNA(INDEX(Data!$H$24:$J$28,MATCH(#REF!,Data!$G$24:$G$28,1),MATCH(#REF!,Data!$H$23:$J$23,1)),0) -> #REF! | D10: =RIGHT(TRIM('DL 1'!G11),1) -> D | E10: ='DL 1'!E11*'DL 1'!D11 -> 54000000 | F10: =_xlfn.IFNA(VLOOKUP(TRIM('DL 1'!G11),Data!$A:$C,3,0),"") | G10: ='DL 1'!E11 -> 9000000 | H10: =_xlfn.IFNA(VLOOKUP(TRIM('DL 1'!G11),Data!$A:$D,4,0),0) -> 0 | I10: =_xlfn.IFNA(INDEX(Data!$G$5:$K$10,MATCH('DL 1'!D11,Data!$F$5:$F$10,1),MATCH(_xlfn.SINGLE(#REF!),Data!$G$4:$K$4,1)),0) -> #REF! | J10: =_xlfn.IFNA(IF(VLOOKUP(TRIM('DL 1'!G11),Data!$A:$C,3,0)="ST1",H10*I10*G10,IF(VLOOKUP(TRIM('DL 1'!G11),Data!$A:$C,3,0)="IR0",H10*G10,MIN(H10:I10)*G10)),0) -> 0 | K10: =_xlfn.IFNA(VLOOKUP(TRIM(#REF!),Data!$A:$D,4,0)*#REF!,0) -> #REF! | L10: =IF(TRIM('DL 1'!G11)="EDCLNHT0IRNLI",20000,0) -> 0 | M10: =IF(ISERROR(MATCH('DL 1'!A11,#REF!,0)),0,J10*2) -> 0 | N10: =#REF! -> #REF! | O10: =_xlfn.IFNA(VLOOKUP(RIGHT(VLOOKUP(TRIM('DL 1'!G11),Data!$A:$B,2,0),1),Data!$L$23:$M$30,2,0),0) -> 0 | P10: =IF(G10<1,0,IF(G10<12000000,1,IF(AND(G10>=12000000,G10<25000000),2,IF(AND(G10>=25000000,G10<50000000),3,IF(AND(G10>=50000000),4,))))) -> 1 | Q10: =IF(AND(P10=1,S10<15),10000,IF(AND(P10=1,S10>=15,S10<18),15000,IF(AND(P10=1,S10>=18),20000,(IF(AND(P10=2,S10<15),18000,IF(AND(P10=2,S10>=15,S10<18),23000,IF(AND(P10=2,S10>=18),28000,IF(AND(P10=3,S10<15),26000,IF(AND(P10=3,S10>=15,S10<18),31000,IF(AND(P10=3,S10>=18),36000,IF(AND(P10=4,S10<15),34000,IF(AND(P10=4,S10>=15,S10<18),39000,IF(AND(P10=4,S10>=18),44000))))))))))))) -> 10000 | R10: =INCENTIVE!$E$8 -> 130000000 | S10: ='DL 1'!D11 -> 6 | T10: =(IF(S10>=24,"5",IF(S10>=18,"4",IF(S10>=15,"3",IF(S10>=12,"2","1"))))) -> 1 | V10: =(IF(S10>=12,"6",IF(S10>=9,"5",IF(S10>=8,"4",IF(S10>=7,"3",IF(S10=6,"2","1")))))) -> 2 | W10: =IF(AND(V10="6",R10>=7.7),115%,IF(AND(V10="6",R10>=7.5),105%,IF(AND(V10="6",R10>=7.3),100%,IF(AND(V10="6",R10>=7),100%,IF(AND(V10="6",R10<7),100%,IF(AND(V10="5",R10>=7.7),110%,IF(AND(V10="5",R10>=7.5),100%,IF(AND(V10="5",R10>=7.3),100%,IF(AND(V10="5",R10>=7),100%,IF(AND(V10="5",R10<7),100%,IF(AND(V10="4",R10>=7.7),105%,IF(AND(V10="4",R10>=7.5),100%,IF(AND(V10="4",R10>=7.3),95%,IF(AND(V10="4",R10>=7),90%,IF(AND(V10="4",R10<7),80%,IF(AND(V10="3",R10>=7.7),100%,IF(AND(V10="3",R10>=7.5),90%,IF(AND(V10="3",R10>=7.3),80%,IF(AND(V10="3",R10>=7),70%,IF(AND(V10="3",R10<7),60%,IF(AND(V10="2",R10>=7.7),60%,IF(AND(V10="2",R10>=7.5),50%,IF(AND(V10="2",R10>=7.3),35%,IF(AND(V10="2",R10>=7),35%,IF(AND(V10="2",R10<7),25%,25%))))))))))))))))))))))))) -> 0.6 | X10: ='DL 1'!E11 -> 9000000 | Y10: ='DL 1'!G11 -> D | Z10: =IF(AND(#REF!="1",Y10="A"),0.9,IF(AND(#REF!="1",Y10="B"),0.7,IF(AND(#REF!="1",Y10="C"),0,IF(AND(#REF!="1",Y10="D"),0,IF(AND(#REF!="2",Y10="A"),1.2,IF(AND(#REF!="2",Y10="B"),1,IF(AND(#REF!="2",Y10="C"),0.1,IF(AND(#REF!="2",Y10="D"),0,IF(AND(#REF!="3",Y10="A"),1.3,IF(AND(#REF!="3",Y10="B"),1.1,IF(AND(#REF!="3",Y10="C"),0.3,IF(AND(#REF!="3",Y10="D"),0,IF(AND(#REF!="4",Y10="A"),1.5,IF(AND(#REF!="4",Y10="B"),1.3,IF(AND(#REF!="4",Y10="C"),0.4,IF(AND(#REF!="4",Y10="D"),0,IF(AND(#REF!="5",Y10="A"),1.6,IF(AND(#REF!="5",Y10="B"),1.4,IF(AND(#REF!="5",Y10="C"),0.5,IF(AND(#REF!="5",Y10="D"),0,)))))))))))))))))))) -> #REF! | AB10: =_xlfn.IFNA(INDEX(Data!$H$66:$L$69,MATCH('DL 1'!D11,Data!$G$66:$G$69,1),MATCH(CONVERT!#REF!,Data!$H$65:$L$65,1)),0) -> 0 | AC10: =IFERROR(VLOOKUP(Y10,Data!$G$65:$L$69,2,0) *X10,"") -> 0 | AD10: =SUM(AC10) -> 0 | AE10: ='DL 1'!F11 -> Y | AF10: =IFERROR(VLOOKUP(Y10,Data!$G$65:$K$79,4,0),"") -> 0 | AG10: =#REF! -> #REF! | AK10: =IF(G10<1,0,IF(G10<12000000,1,IF(AND(G10>=12000000,G10<25000000),2,IF(AND(G10>=25000000,G10<50000000),3,IF(AND(G10>=50000000),4,))))) -> 1 | AL10: =IF(AND(S10<12,Y10="A"),0.9,IF(AND(S10<12,Y10="B"),0.7,IF(AND(S10<12,Y10="C"),0,IF(AND(S10<12,Y10="D"),0,IF(AND(S10>=12,S10<15,Y10="A"),1.2,IF(AND(S10>=12,S10<15,Y10="B"),1,IF(AND(S10>=12,S10<15,Y10="C"),0.1,IF(AND(S10>=12,S10<15,Y10="D"),0,IF(AND(S10>=15,S10<18,Y10="A"),1.3,IF(AND(S10>=15,S10<18,Y10="B"),1.1,IF(AND(S10>=15,S10<18,Y10="C"),0.3,IF(AND(S10>=15,S10<18,Y10="D"),0,IF(AND(S10>=18,S10<24,Y10="A"),1.5,IF(AND(S10>=18,S10<24,Y10="B"),1.3,IF(AND(S10>=18,S10<24,Y10="C"),0.4,IF(AND(S10>=18,S10<24,Y10="D"),0,IF(AND(S10>=24,Y10="A"),1.6,IF(AND(S10>=24,Y10="B"),1.4,IF(AND(S10>=24,Y10="C"),0.5,IF(AND(S10>=24,Y10="D"),0,)))))))))))))))))))) -> 0 | AM10: =X10*(AL10/100) -> 0 | AN10: =Q10 -> 10000
A11: =IF(D11="A",_xlfn.IFNA(INDEX(Data!$H$24:$J$28,MATCH('DL 1'!E12,Data!$G$24:$G$28,1),MATCH('DL 1'!D12,Data!$H$23:$J$23,1)),0),0) -> 25000 | B11: =IF('DL 1'!F12="Y",Q11,0) -> 26000 | C11: =_xlfn.IFNA(INDEX(Data!$H$24:$J$28,MATCH(#REF!,Data!$G$24:$G$28,1),MATCH(#REF!,Data!$H$23:$J$23,1)),0) -> #REF! | D11: =RIGHT(TRIM('DL 1'!G12),1) -> A | E11: ='DL 1'!E12*'DL 1'!D12 -> 145000000 | F11: =_xlfn.IFNA(VLOOKUP(TRIM('DL 1'!G12),Data!$A:$C,3,0),"") | G11: ='DL 1'!E12 -> 29000000 | H11: =_xlfn.IFNA(VLOOKUP(TRIM('DL 1'!G12),Data!$A:$D,4,0),0) -> 0 | I11: =_xlfn.IFNA(INDEX(Data!$G$5:$K$10,MATCH('DL 1'!D12,Data!$F$5:$F$10,1),MATCH(_xlfn.SINGLE(#REF!),Data!$G$4:$K$4,1)),0) -> #REF! | J11: =_xlfn.IFNA(IF(VLOOKUP(TRIM('DL 1'!G12),Data!$A:$C,3,0)="ST1",H11*I11*G11,IF(VLOOKUP(TRIM('DL 1'!G12),Data!$A:$C,3,0)="IR0",H11*G11,MIN(H11:I11)*G11)),0) -> 0 | K11: =_xlfn.IFNA(VLOOKUP(TRIM(#REF!),Data!$A:$D,4,0)*#REF!,0) -> #REF! | L11: =IF(TRIM('DL 1'!G12)="EDCLNHT0IRNLI",20000,0) -> 0 | M11: =IF(ISERROR(MATCH('DL 1'!A12,#REF!,0)),0,J11*2) -> 0 | N11: =#REF! -> #REF! | O11: =_xlfn.IFNA(VLOOKUP(RIGHT(VLOOKUP(TRIM('DL 1'!G12),Data!$A:$B,2,0),1),Data!$L$23:$M$30,2,0),0) -> 0 | P11: =IF(G11<1,0,IF(G11<12000000,1,IF(AND(G11>=12000000,G11<25000000),2,IF(AND(G11>=25000000,G11<50000000),3,IF(AND(G11>=50000000),4,))))) -> 3 | Q11: =IF(AND(P11=1,S11<15),10000,IF(AND(P11=1,S11>=15,S11<18),15000,IF(AND(P11=1,S11>=18),20000,(IF(AND(P11=2,S11<15),18000,IF(AND(P11=2,S11>=15,S11<18),23000,IF(AND(P11=2,S11>=18),28000,IF(AND(P11=3,S11<15),26000,IF(AND(P11=3,S11>=15,S11<18),31000,IF(AND(P11=3,S11>=18),36000,IF(AND(P11=4,S11<15),34000,IF(AND(P11=4,S11>=15,S11<18),39000,IF(AND(P11=4,S11>=18),44000))))))))))))) -> 26000 | R11: =INCENTIVE!$E$8 -> 130000000 | S11: ='DL 1'!D12 -> 5 | T11: =(IF(S11>=24,"5",IF(S11>=18,"4",IF(S11>=15,"3",IF(S11>=12,"2","1"))))) -> 1 | V11: =(IF(S11>=12,"6",IF(S11>=9,"5",IF(S11>=8,"4",IF(S11>=7,"3",IF(S11=6,"2","1")))))) -> 1 | W11: =IF(AND(V11="6",R11>=7.7),115%,IF(AND(V11="6",R11>=7.5),105%,IF(AND(V11="6",R11>=7.3),100%,IF(AND(V11="6",R11>=7),100%,IF(AND(V11="6",R11<7),100%,IF(AND(V11="5",R11>=7.7),110%,IF(AND(V11="5",R11>=7.5),100%,IF(AND(V11="5",R11>=7.3),100%,IF(AND(V11="5",R11>=7),100%,IF(AND(V11="5",R11<7),100%,IF(AND(V11="4",R11>=7.7),105%,IF(AND(V11="4",R11>=7.5),100%,IF(AND(V11="4",R11>=7.3),95%,IF(AND(V11="4",R11>=7),90%,IF(AND(V11="4",R11<7),80%,IF(AND(V11="3",R11>=7.7),100%,IF(AND(V11="3",R11>=7.5),90%,IF(AND(V11="3",R11>=7.3),80%,IF(AND(V11="3",R11>=7),70%,IF(AND(V11="3",R11<7),60%,IF(AND(V11="2",R11>=7.7),60%,IF(AND(V11="2",R11>=7.5),50%,IF(AND(V11="2",R11>=7.3),35%,IF(AND(V11="2",R11>=7),35%,IF(AND(V11="2",R11<7),25%,25%))))))))))))))))))))))))) -> 0.25 | X11: ='DL 1'!E12 -> 29000000 | Y11: ='DL 1'!G12 -> A | Z11: =IF(AND(#REF!="1",Y11="A"),0.9,IF(AND(#REF!="1",Y11="B"),0.7,IF(AND(#REF!="1",Y11="C"),0,IF(AND(#REF!="1",Y11="D"),0,IF(AND(#REF!="2",Y11="A"),1.2,IF(AND(#REF!="2",Y11="B"),1,IF(AND(#REF!="2",Y11="C"),0.1,IF(AND(#REF!="2",Y11="D"),0,IF(AND(#REF!="3",Y11="A"),1.3,IF(AND(#REF!="3",Y11="B"),1.1,IF(AND(#REF!="3",Y11="C"),0.3,IF(AND(#REF!="3",Y11="D"),0,IF(AND(#REF!="4",Y11="A"),1.5,IF(AND(#REF!="4",Y11="B"),1.3,IF(AND(#REF!="4",Y11="C"),0.4,IF(AND(#REF!="4",Y11="D"),0,IF(AND(#REF!="5",Y11="A"),1.6,IF(AND(#REF!="5",Y11="B"),1.4,IF(AND(#REF!="5",Y11="C"),0.5,IF(AND(#REF!="5",Y11="D"),0,)))))))))))))))))))) -> #REF! | AB11: =_xlfn.IFNA(INDEX(Data!$H$66:$L$69,MATCH('DL 1'!D12,Data!$G$66:$G$69,1),MATCH(CONVERT!#REF!,Data!$H$65:$L$65,1)),0) -> 0 | AC11: =_xlfn.IFNA(INDEX(Data!$H$66:$L$69,MATCH('DL 1'!D3,Data!$G$66:$G$69,1),MATCH(CONVERT!#REF!,Data!$H$65:$L$65,1)),0) -> 0 | AD11: =SUM(AC11) -> 0 | AE11: ='DL 1'!F12 -> Y | AF11: =IFERROR(VLOOKUP(Y11,Data!$G$65:$K$79,4,0),"") -> 1.3 | AG11: =#REF! -> #REF! | AK11: =IF(G11<1,0,IF(G11<12000000,1,IF(AND(G11>=12000000,G11<25000000),2,IF(AND(G11>=25000000,G11<50000000),3,IF(AND(G11>=50000000),4,))))) -> 3 | AL11: =IF(AND(S11<12,Y11="A"),0.9,IF(AND(S11<12,Y11="B"),0.7,IF(AND(S11<12,Y11="C"),0,IF(AND(S11<12,Y11="D"),0,IF(AND(S11>=12,S11<15,Y11="A"),1.2,IF(AND(S11>=12,S11<15,Y11="B"),1,IF(AND(S11>=12,S11<15,Y11="C"),0.1,IF(AND(S11>=12,S11<15,Y11="D"),0,IF(AND(S11>=15,S11<18,Y11="A"),1.3,IF(AND(S11>=15,S11<18,Y11="B"),1.1,IF(AND(S11>=15,S11<18,Y11="C"),0.3,IF(AND(S11>=15,S11<18,Y11="D"),0,IF(AND(S11>=18,S11<24,Y11="A"),1.5,IF(AND(S11>=18,S11<24,Y11="B"),1.3,IF(AND(S11>=18,S11<24,Y11="C"),0.4,IF(AND(S11>=18,S11<24,Y11="D"),0,IF(AND(S11>=24,Y11="A"),1.6,IF(AND(S11>=24,Y11="B"),1.4,IF(AND(S11>=24,Y11="C"),0.5,IF(AND(S11>=24,Y11="D"),0,)))))))))))))))))))) -> 0.9 | AM11: =X11*(AL11/100) -> 261000 | AN11: =Q11 -> 26000
A12: =IF(D12="A",_xlfn.IFNA(INDEX(Data!$H$24:$J$28,MATCH('DL 1'!E13,Data!$G$24:$G$28,1),MATCH('DL 1'!D13,Data!$H$23:$J$23,1)),0),0) -> 25000 | B12: =IF('DL 1'!F13="Y",Q12,0) -> 20000 | C12: =_xlfn.IFNA(INDEX(Data!$H$24:$J$28,MATCH(#REF!,Data!$G$24:$G$28,1),MATCH(#REF!,Data!$H$23:$J$23,1)),0) -> #REF! | D12: =RIGHT(TRIM('DL 1'!G13),1) -> A | E12: ='DL 1'!E13*'DL 1'!D13 -> 162000000 | F12: =_xlfn.IFNA(VLOOKUP(TRIM('DL 1'!G13),Data!$A:$C,3,0),"") | G12: ='DL 1'!E13 -> 9000000 | H12: =_xlfn.IFNA(VLOOKUP(TRIM('DL 1'!G13),Data!$A:$D,4,0),0) -> 0 | I12: =_xlfn.IFNA(INDEX(Data!$G$5:$K$10,MATCH('DL 1'!D13,Data!$F$5:$F$10,1),MATCH(_xlfn.SINGLE(#REF!),Data!$G$4:$K$4,1)),0) -> #REF! | J12: =_xlfn.IFNA(IF(VLOOKUP(TRIM('DL 1'!G13),Data!$A:$C,3,0)="ST1",H12*I12*G12,IF(VLOOKUP(TRIM('DL 1'!G13),Data!$A:$C,3,0)="IR0",H12*G12,MIN(H12:I12)*G12)),0) -> 0 | K12: =_xlfn.IFNA(VLOOKUP(TRIM(#REF!),Data!$A:$D,4,0)*#REF!,0) -> #REF! | L12: =IF(TRIM('DL 1'!G13)="EDCLNHT0IRNLI",20000,0) -> 0 | M12: =IF(ISERROR(MATCH('DL 1'!A13,#REF!,0)),0,J12*2) -> 0 | N12: =#REF! -> #REF! | O12: =_xlfn.IFNA(VLOOKUP(RIGHT(VLOOKUP(TRIM('DL 1'!G13),Data!$A:$B,2,0),1),Data!$L$23:$M$30,2,0),0) -> 0 | P12: =IF(G12<1,0,IF(G12<12000000,1,IF(AND(G12>=12000000,G12<25000000),2,IF(AND(G12>=25000000,G12<50000000),3,IF(AND(G12>=50000000),4,))))) -> 1 | Q12: =IF(AND(P12=1,S12<15),10000,IF(AND(P12=1,S12>=15,S12<18),15000,IF(AND(P12=1,S12>=18),20000,(IF(AND(P12=2,S12<15),18000,IF(AND(P12=2,S12>=15,S12<18),23000,IF(AND(P12=2,S12>=18),28000,IF(AND(P12=3,S12<15),26000,IF(AND(P12=3,S12>=15,S12<18),31000,IF(AND(P12=3,S12>=18),36000,IF(AND(P12=4,S12<15),34000,IF(AND(P12=4,S12>=15,S12<18),39000,IF(AND(P12=4,S12>=18),44000))))))))))))) -> 20000 | R12: =INCENTIVE!$E$8 -> 130000000 | S12: ='DL 1'!D13 -> 18 | T12: =(IF(S12>=24,"5",IF(S12>=18,"4",IF(S12>=15,"3",IF(S12>=12,"2","1"))))) -> 4 | V12: =(IF(S12>=12,"6",IF(S12>=9,"5",IF(S12>=8,"4",IF(S12>=7,"3",IF(S12=6,"2","1")))))) -> 6 | W12: =IF(AND(V12="6",R12>=7.7),115%,IF(AND(V12="6",R12>=7.5),105%,IF(AND(V12="6",R12>=7.3),100%,IF(AND(V12="6",R12>=7),100%,IF(AND(V12="6",R12<7),100%,IF(AND(V12="5",R12>=7.7),110%,IF(AND(V12="5",R12>=7.5),100%,IF(AND(V12="5",R12>=7.3),100%,IF(AND(V12="5",R12>=7),100%,IF(AND(V12="5",R12<7),100%,IF(AND(V12="4",R12>=7.7),105%,IF(AND(V12="4",R12>=7.5),100%,IF(AND(V12="4",R12>=7.3),95%,IF(AND(V12="4",R12>=7),90%,IF(AND(V12="4",R12<7),80%,IF(AND(V12="3",R12>=7.7),100%,IF(AND(V12="3",R12>=7.5),90%,IF(AND(V12="3",R12>=7.3),80%,IF(AND(V12="3",R12>=7),70%,IF(AND(V12="3",R12<7),60%,IF(AND(V12="2",R12>=7.7),60%,IF(AND(V12="2",R12>=7.5),50%,IF(AND(V12="2",R12>=7.3),35%,IF(AND(V12="2",R12>=7),35%,IF(AND(V12="2",R12<7),25%,25%))))))))))))))))))))))))) -> 1.15 | X12: ='DL 1'!E13 -> 9000000 | Y12: ='DL 1'!G13 -> A | Z12: =IF(AND(#REF!="1",Y12="A"),0.9,IF(AND(#REF!="1",Y12="B"),0.7,IF(AND(#REF!="1",Y12="C"),0,IF(AND(#REF!="1",Y12="D"),0,IF(AND(#REF!="2",Y12="A"),1.2,IF(AND(#REF!="2",Y12="B"),1,IF(AND(#REF!="2",Y12="C"),0.1,IF(AND(#REF!="2",Y12="D"),0,IF(AND(#REF!="3",Y12="A"),1.3,IF(AND(#REF!="3",Y12="B"),1.1,IF(AND(#REF!="3",Y12="C"),0.3,IF(AND(#REF!="3",Y12="D"),0,IF(AND(#REF!="4",Y12="A"),1.5,IF(AND(#REF!="4",Y12="B"),1.3,IF(AND(#REF!="4",Y12="C"),0.4,IF(AND(#REF!="4",Y12="D"),0,IF(AND(#REF!="5",Y12="A"),1.6,IF(AND(#REF!="5",Y12="B"),1.4,IF(AND(#REF!="5",Y12="C"),0.5,IF(AND(#REF!="5",Y12="D"),0,)))))))))))))))))))) -> #REF! | AB12: =_xlfn.IFNA(INDEX(Data!$H$66:$L$69,MATCH('DL 1'!D13,Data!$G$66:$G$69,1),MATCH(CONVERT!#REF!,Data!$H$65:$L$65,1)),0) -> 0 | AC12: =_xlfn.IFNA(INDEX(Data!$H$66:$L$69,MATCH('DL 1'!D4,Data!$G$66:$G$69,1),MATCH(CONVERT!#REF!,Data!$H$65:$L$65,1)),0) -> 0 | AD12: =SUM(AC12) -> 0 | AE12: ='DL 1'!F13 -> Y | AF12: =IFERROR(VLOOKUP(Y12,Data!$G$65:$K$79,4,0),"") -> 1.3 | AG12: =#REF! -> #REF! | AK12: =IF(G12<1,0,IF(G12<12000000,1,IF(AND(G12>=12000000,G12<25000000),2,IF(AND(G12>=25000000,G12<50000000),3,IF(AND(G12>=50000000),4,))))) -> 1 | AL12: =IF(AND(S12<12,Y12="A"),0.9,IF(AND(S12<12,Y12="B"),0.7,IF(AND(S12<12,Y12="C"),0,IF(AND(S12<12,Y12="D"),0,IF(AND(S12>=12,S12<15,Y12="A"),1.2,IF(AND(S12>=12,S12<15,Y12="B"),1,IF(AND(S12>=12,S12<15,Y12="C"),0.1,IF(AND(S12>=12,S12<15,Y12="D"),0,IF(AND(S12>=15,S12<18,Y12="A"),1.3,IF(AND(S12>=15,S12<18,Y12="B"),1.1,IF(AND(S12>=15,S12<18,Y12="C"),0.3,IF(AND(S12>=15,S12<18,Y12="D"),0,IF(AND(S12>=18,S12<24,Y12="A"),1.5,IF(AND(S12>=18,S12<24,Y12="B"),1.3,IF(AND(S12>=18,S12<24,Y12="C"),0.4,IF(AND(S12>=18,S12<24,Y12="D"),0,IF(AND(S12>=24,Y12="A"),1.6,IF(AND(S12>=24,Y12="B"),1.4,IF(AND(S12>=24,Y12="C"),0.5,IF(AND(S12>=24,Y12="D"),0,)))))))))))))))))))) -> 1.5 | AM12: =X12*(AL12/100) -> 135000 | AN12: =Q12 -> 20000
A13: =IF(D13="A",_xlfn.IFNA(INDEX(Data!$H$24:$J$28,MATCH('DL 1'!E14,Data!$G$24:$G$28,1),MATCH('DL 1'!D14,Data!$H$23:$J$23,1)),0),0) -> 0 | B13: =IF('DL 1'!F14="Y",Q13,0) -> 20000 | C13: =_xlfn.IFNA(INDEX(Data!$H$24:$J$28,MATCH(#REF!,Data!$G$24:$G$28,1),MATCH(#REF!,Data!$H$23:$J$23,1)),0) -> #REF! | D13: =RIGHT(TRIM('DL 1'!G14),1) -> D | E13: ='DL 1'!E14*'DL 1'!D14 -> 162000000 | F13: =_xlfn.IFNA(VLOOKUP(TRIM('DL 1'!G14),Data!$A:$C,3,0),"") | G13: ='DL 1'!E14 -> 9000000 | H13: =_xlfn.IFNA(VLOOKUP(TRIM('DL 1'!G14),Data!$A:$D,4,0),0) -> 0 | I13: =_xlfn.IFNA(INDEX(Data!$G$5:$K$10,MATCH('DL 1'!D14,Data!$F$5:$F$10,1),MATCH(_xlfn.SINGLE(#REF!),Data!$G$4:$K$4,1)),0) -> #REF! | J13: =_xlfn.IFNA(IF(VLOOKUP(TRIM('DL 1'!G14),Data!$A:$C,3,0)="ST1",H13*I13*G13,IF(VLOOKUP(TRIM('DL 1'!G14),Data!$A:$C,3,0)="IR0",H13*G13,MIN(H13:I13)*G13)),0) -> 0 | K13: =_xlfn.IFNA(VLOOKUP(TRIM(#REF!),Data!$A:$D,4,0)*#REF!,0) -> #REF! | L13: =IF(TRIM('DL 1'!G14)="EDCLNHT0IRNLI",20000,0) -> 0 | M13: =IF(ISERROR(MATCH('DL 1'!A14,#REF!,0)),0,J13*2) -> 0 | N13: =#REF! -> #REF! | O13: =_xlfn.IFNA(VLOOKUP(RIGHT(VLOOKUP(TRIM('DL 1'!G14),Data!$A:$B,2,0),1),Data!$L$23:$M$30,2,0),0) -> 0 | P13: =IF(G13<1,0,IF(G13<12000000,1,IF(AND(G13>=12000000,G13<25000000),2,IF(AND(G13>=25000000,G13<50000000),3,IF(AND(G13>=50000000),4,))))) -> 1 | Q13: =IF(AND(P13=1,S13<15),10000,IF(AND(P13=1,S13>=15,S13<18),15000,IF(AND(P13=1,S13>=18),20000,(IF(AND(P13=2,S13<15),18000,IF(AND(P13=2,S13>=15,S13<18),23000,IF(AND(P13=2,S13>=18),28000,IF(AND(P13=3,S13<15),26000,IF(AND(P13=3,S13>=15,S13<18),31000,IF(AND(P13=3,S13>=18),36000,IF(AND(P13=4,S13<15),34000,IF(AND(P13=4,S13>=15,S13<18),39000,IF(AND(P13=4,S13>=18),44000))))))))))))) -> 20000 | R13: =INCENTIVE!$E$8 -> 130000000 | S13: ='DL 1'!D14 -> 18 | T13: =(IF(S13>=24,"5",IF(S13>=18,"4",IF(S13>=15,"3",IF(S13>=12,"2","1"))))) -> 4 | V13: =(IF(S13>=12,"6",IF(S13>=9,"5",IF(S13>=8,"4",IF(S13>=7,"3",IF(S13=6,"2","1")))))) -> 6 | W13: =IF(AND(V13="6",R13>=7.7),115%,IF(AND(V13="6",R13>=7.5),105%,IF(AND(V13="6",R13>=7.3),100%,IF(AND(V13="6",R13>=7),100%,IF(AND(V13="6",R13<7),100%,IF(AND(V13="5",R13>=7.7),110%,IF(AND(V13="5",R13>=7.5),100%,IF(AND(V13="5",R13>=7.3),100%,IF(AND(V13="5",R13>=7),100%,IF(AND(V13="5",R13<7),100%,IF(AND(V13="4",R13>=7.7),105%,IF(AND(V13="4",R13>=7.5),100%,IF(AND(V13="4",R13>=7.3),95%,IF(AND(V13="4",R13>=7),90%,IF(AND(V13="4",R13<7),80%,IF(AND(V13="3",R13>=7.7),100%,IF(AND(V13="3",R13>=7.5),90%,IF(AND(V13="3",R13>=7.3),80%,IF(AND(V13="3",R13>=7),70%,IF(AND(V13="3",R13<7),60%,IF(AND(V13="2",R13>=7.7),60%,IF(AND(V13="2",R13>=7.5),50%,IF(AND(V13="2",R13>=7.3),35%,IF(AND(V13="2",R13>=7),35%,IF(AND(V13="2",R13<7),25%,25%))))))))))))))))))))))))) -> 1.15 | X13: ='DL 1'!E14 -> 9000000 | Y13: ='DL 1'!G14 -> D | Z13: =IF(AND(#REF!="1",Y13="A"),0.9,IF(AND(#REF!="1",Y13="B"),0.7,IF(AND(#REF!="1",Y13="C"),0,IF(AND(#REF!="1",Y13="D"),0,IF(AND(#REF!="2",Y13="A"),1.2,IF(AND(#REF!="2",Y13="B"),1,IF(AND(#REF!="2",Y13="C"),0.1,IF(AND(#REF!="2",Y13="D"),0,IF(AND(#REF!="3",Y13="A"),1.3,IF(AND(#REF!="3",Y13="B"),1.1,IF(AND(#REF!="3",Y13="C"),0.3,IF(AND(#REF!="3",Y13="D"),0,IF(AND(#REF!="4",Y13="A"),1.5,IF(AND(#REF!="4",Y13="B"),1.3,IF(AND(#REF!="4",Y13="C"),0.4,IF(AND(#REF!="4",Y13="D"),0,IF(AND(#REF!="5",Y13="A"),1.6,IF(AND(#REF!="5",Y13="B"),1.4,IF(AND(#REF!="5",Y13="C"),0.5,IF(AND(#REF!="5",Y13="D"),0,)))))))))))))))))))) -> #REF! | AB13: =_xlfn.IFNA(INDEX(Data!$H$66:$L$69,MATCH('DL 1'!D14,Data!$G$66:$G$69,1),MATCH(CONVERT!#REF!,Data!$H$65:$L$65,1)),0) -> 0 | AC13: =_xlfn.IFNA(INDEX(Data!$H$66:$L$69,MATCH('DL 1'!D5,Data!$G$66:$G$69,1),MATCH(CONVERT!#REF!,Data!$H$65:$L$65,1)),0) -> 0 | AD13: =SUM(AC13) -> 0 | AE13: ='DL 1'!F14 -> Y | AF13: =IFERROR(VLOOKUP(Y13,Data!$G$65:$K$79,4,0),"") -> 0 | AG13: =#REF! -> #REF! | AK13: =IF(G13<1,0,IF(G13<12000000,1,IF(AND(G13>=12000000,G13<25000000),2,IF(AND(G13>=25000000,G13<50000000),3,IF(AND(G13>=50000000),4,))))) -> 1 | AL13: =IF(AND(S13<12,Y13="A"),0.9,IF(AND(S13<12,Y13="B"),0.7,IF(AND(S13<12,Y13="C"),0,IF(AND(S13<12,Y13="D"),0,IF(AND(S13>=12,S13<15,Y13="A"),1.2,IF(AND(S13>=12,S13<15,Y13="B"),1,IF(AND(S13>=12,S13<15,Y13="C"),0.1,IF(AND(S13>=12,S13<15,Y13="D"),0,IF(AND(S13>=15,S13<18,Y13="A"),1.3,IF(AND(S13>=15,S13<18,Y13="B"),1.1,IF(AND(S13>=15,S13<18,Y13="C"),0.3,IF(AND(S13>=15,S13<18,Y13="D"),0,IF(AND(S13>=18,S13<24,Y13="A"),1.5,IF(AND(S13>=18,S13<24,Y13="B"),1.3,IF(AND(S13>=18,S13<24,Y13="C"),0.4,IF(AND(S13>=18,S13<24,Y13="D"),0,IF(AND(S13>=24,Y13="A"),1.6,IF(AND(S13>=24,Y13="B"),1.4,IF(AND(S13>=24,Y13="C"),0.5,IF(AND(S13>=24,Y13="D"),0,)))))))))))))))))))) -> 0 | AM13: =X13*(AL13/100) -> 0 | AN13: =Q13 -> 20000
A14: =IF(D14="A",_xlfn.IFNA(INDEX(Data!$H$24:$J$28,MATCH('DL 1'!E15,Data!$G$24:$G$28,1),MATCH('DL 1'!D15,Data!$H$23:$J$23,1)),0),0) -> 25000 | B14: =IF('DL 1'!F15="Y",Q14,0) -> 20000 | C14: =_xlfn.IFNA(INDEX(Data!$H$24:$J$28,MATCH(#REF!,Data!$G$24:$G$28,1),MATCH(#REF!,Data!$H$23:$J$23,1)),0) -> #REF! | D14: =RIGHT(TRIM('DL 1'!G15),1) -> A | E14: ='DL 1'!E15*'DL 1'!D15 -> 162000000 | F14: =_xlfn.IFNA(VLOOKUP(TRIM('DL 1'!G15),Data!$A:$C,3,0),"") | G14: ='DL 1'!E15 -> 9000000 | H14: =_xlfn.IFNA(VLOOKUP(TRIM('DL 1'!G15),Data!$A:$D,4,0),0) -> 0 | I14: =_xlfn.IFNA(INDEX(Data!$G$5:$K$10,MATCH('DL 1'!D15,Data!$F$5:$F$10,1),MATCH(_xlfn.SINGLE(#REF!),Data!$G$4:$K$4,1)),0) -> #REF! | J14: =_xlfn.IFNA(IF(VLOOKUP(TRIM('DL 1'!G15),Data!$A:$C,3,0)="ST1",H14*I14*G14,IF(VLOOKUP(TRIM('DL 1'!G15),Data!$A:$C,3,0)="IR0",H14*G14,MIN(H14:I14)*G14)),0) -> 0 | K14: =_xlfn.IFNA(VLOOKUP(TRIM(#REF!),Data!$A:$D,4,0)*#REF!,0) -> #REF! | L14: =IF(TRIM('DL 1'!G15)="EDCLNHT0IRNLI",20000,0) -> 0 | M14: =IF(ISERROR(MATCH('DL 1'!A15,#REF!,0)),0,J14*2) -> 0 | N14: =#REF! -> #REF! | O14: =_xlfn.IFNA(VLOOKUP(RIGHT(VLOOKUP(TRIM('DL 1'!G15),Data!$A:$B,2,0),1),Data!$L$23:$M$30,2,0),0) -> 0 | P14: =IF(G14<1,0,IF(G14<12000000,1,IF(AND(G14>=12000000,G14<25000000),2,IF(AND(G14>=25000000,G14<50000000),3,IF(AND(G14>=50000000),4,))))) -> 1 | Q14: =IF(AND(P14=1,S14<15),10000,IF(AND(P14=1,S14>=15,S14<18),15000,IF(AND(P14=1,S14>=18),20000,(IF(AND(P14=2,S14<15),18000,IF(AND(P14=2,S14>=15,S14<18),23000,IF(AND(P14=2,S14>=18),28000,IF(AND(P14=3,S14<15),26000,IF(AND(P14=3,S14>=15,S14<18),31000,IF(AND(P14=3,S14>=18),36000,IF(AND(P14=4,S14<15),34000,IF(AND(P14=4,S14>=15,S14<18),39000,IF(AND(P14=4,S14>=18),44000))))))))))))) -> 20000 | R14: =INCENTIVE!$E$8 -> 130000000 | S14: ='DL 1'!D15 -> 18 | T14: =(IF(S14>=24,"5",IF(S14>=18,"4",IF(S14>=15,"3",IF(S14>=12,"2","1"))))) -> 4 | V14: =(IF(S14>=12,"6",IF(S14>=9,"5",IF(S14>=8,"4",IF(S14>=7,"3",IF(S14=6,"2","1")))))) -> 6 | W14: =IF(AND(V14="6",R14>=7.7),115%,IF(AND(V14="6",R14>=7.5),105%,IF(AND(V14="6",R14>=7.3),100%,IF(AND(V14="6",R14>=7),100%,IF(AND(V14="6",R14<7),100%,IF(AND(V14="5",R14>=7.7),110%,IF(AND(V14="5",R14>=7.5),100%,IF(AND(V14="5",R14>=7.3),100%,IF(AND(V14="5",R14>=7),100%,IF(AND(V14="5",R14<7),100%,IF(AND(V14="4",R14>=7.7),105%,IF(AND(V14="4",R14>=7.5),100%,IF(AND(V14="4",R14>=7.3),95%,IF(AND(V14="4",R14>=7),90%,IF(AND(V14="4",R14<7),80%,IF(AND(V14="3",R14>=7.7),100%,IF(AND(V14="3",R14>=7.5),90%,IF(AND(V14="3",R14>=7.3),80%,IF(AND(V14="3",R14>=7),70%,IF(AND(V14="3",R14<7),60%,IF(AND(V14="2",R14>=7.7),60%,IF(AND(V14="2",R14>=7.5),50%,IF(AND(V14="2",R14>=7.3),35%,IF(AND(V14="2",R14>=7),35%,IF(AND(V14="2",R14<7),25%,25%))))))))))))))))))))))))) -> 1.15 | X14: ='DL 1'!E15 -> 9000000 | Y14: ='DL 1'!G15 -> A | Z14: =IF(AND(#REF!="1",Y14="A"),0.9,IF(AND(#REF!="1",Y14="B"),0.7,IF(AND(#REF!="1",Y14="C"),0,IF(AND(#REF!="1",Y14="D"),0,IF(AND(#REF!="2",Y14="A"),1.2,IF(AND(#REF!="2",Y14="B"),1,IF(AND(#REF!="2",Y14="C"),0.1,IF(AND(#REF!="2",Y14="D"),0,IF(AND(#REF!="3",Y14="A"),1.3,IF(AND(#REF!="3",Y14="B"),1.1,IF(AND(#REF!="3",Y14="C"),0.3,IF(AND(#REF!="3",Y14="D"),0,IF(AND(#REF!="4",Y14="A"),1.5,IF(AND(#REF!="4",Y14="B"),1.3,IF(AND(#REF!="4",Y14="C"),0.4,IF(AND(#REF!="4",Y14="D"),0,IF(AND(#REF!="5",Y14="A"),1.6,IF(AND(#REF!="5",Y14="B"),1.4,IF(AND(#REF!="5",Y14="C"),0.5,IF(AND(#REF!="5",Y14="D"),0,)))))))))))))))))))) -> #REF! | AB14: =_xlfn.IFNA(INDEX(Data!$H$66:$L$69,MATCH('DL 1'!D15,Data!$G$66:$G$69,1),MATCH(CONVERT!#REF!,Data!$H$65:$L$65,1)),0) -> 0 | AC14: =_xlfn.IFNA(INDEX(Data!$H$66:$L$69,MATCH('DL 1'!D6,Data!$G$66:$G$69,1),MATCH(CONVERT!#REF!,Data!$H$65:$L$65,1)),0) -> 0 | AD14: =SUM(AC14) -> 0 | AE14: ='DL 1'!F15 -> Y | AF14: =IFERROR(VLOOKUP(Y14,Data!$G$65:$K$79,4,0),"") -> 1.3 | AG14: =#REF! -> #REF! | AK14: =IF(G14<1,0,IF(G14<12000000,1,IF(AND(G14>=12000000,G14<25000000),2,IF(AND(G14>=25000000,G14<50000000),3,IF(AND(G14>=50000000),4,))))) -> 1 | AL14: =IF(AND(S14<12,Y14="A"),0.9,IF(AND(S14<12,Y14="B"),0.7,IF(AND(S14<12,Y14="C"),0,IF(AND(S14<12,Y14="D"),0,IF(AND(S14>=12,S14<15,Y14="A"),1.2,IF(AND(S14>=12,S14<15,Y14="B"),1,IF(AND(S14>=12,S14<15,Y14="C"),0.1,IF(AND(S14>=12,S14<15,Y14="D"),0,IF(AND(S14>=15,S14<18,Y14="A"),1.3,IF(AND(S14>=15,S14<18,Y14="B"),1.1,IF(AND(S14>=15,S14<18,Y14="C"),0.3,IF(AND(S14>=15,S14<18,Y14="D"),0,IF(AND(S14>=18,S14<24,Y14="A"),1.5,IF(AND(S14>=18,S14<24,Y14="B"),1.3,IF(AND(S14>=18,S14<24,Y14="C"),0.4,IF(AND(S14>=18,S14<24,Y14="D"),0,IF(AND(S14>=24,Y14="A"),1.6,IF(AND(S14>=24,Y14="B"),1.4,IF(AND(S14>=24,Y14="C"),0.5,IF(AND(S14>=24,Y14="D"),0,)))))))))))))))))))) -> 1.5 | AM14: =X14*(AL14/100) -> 135000 | AN14: =Q14 -> 20000
A15: =IF(D15="A",_xlfn.IFNA(INDEX(Data!$H$24:$J$28,MATCH('DL 1'!E16,Data!$G$24:$G$28,1),MATCH('DL 1'!D16,Data!$H$23:$J$23,1)),0),0) -> 0 | B15: =IF('DL 1'!F16="Y",Q15,0) -> 36000 | C15: =_xlfn.IFNA(INDEX(Data!$H$24:$J$28,MATCH(#REF!,Data!$G$24:$G$28,1),MATCH(#REF!,Data!$H$23:$J$23,1)),0) -> #REF! | D15: =RIGHT(TRIM('DL 1'!G16),1) -> B | E15: ='DL 1'!E16*'DL 1'!D16 -> 522000000 | F15: =_xlfn.IFNA(VLOOKUP(TRIM('DL 1'!G16),Data!$A:$C,3,0),"") | G15: ='DL 1'!E16 -> 29000000 | H15: =_xlfn.IFNA(VLOOKUP(TRIM('DL 1'!G16),Data!$A:$D,4,0),0) -> 0 | I15: =_xlfn.IFNA(INDEX(Data!$G$5:$K$10,MATCH('DL 1'!D16,Data!$F$5:$F$10,1),MATCH(_xlfn.SINGLE(#REF!),Data!$G$4:$K$4,1)),0) -> #REF! | J15: =_xlfn.IFNA(IF(VLOOKUP(TRIM('DL 1'!G16),Data!$A:$C,3,0)="ST1",H15*I15*G15,IF(VLOOKUP(TRIM('DL 1'!G16),Data!$A:$C,3,0)="IR0",H15*G15,MIN(H15:I15)*G15)),0) -> 0 | K15: =_xlfn.IFNA(VLOOKUP(TRIM(#REF!),Data!$A:$D,4,0)*#REF!,0) -> #REF! | L15: =IF(TRIM('DL 1'!G16)="EDCLNHT0IRNLI",20000,0) -> 0 | M15: =IF(ISERROR(MATCH('DL 1'!A16,#REF!,0)),0,J15*2) -> 0 | N15: =#REF! -> #REF! | O15: =_xlfn.IFNA(VLOOKUP(RIGHT(VLOOKUP(TRIM('DL 1'!G16),Data!$A:$B,2,0),1),Data!$L$23:$M$30,2,0),0) -> 0 | P15: =IF(G15<1,0,IF(G15<12000000,1,IF(AND(G15>=12000000,G15<25000000),2,IF(AND(G15>=25000000,G15<50000000),3,IF(AND(G15>=50000000),4,))))) -> 3 | Q15: =IF(AND(P15=1,S15<15),10000,IF(AND(P15=1,S15>=15,S15<18),15000,IF(AND(P15=1,S15>=18),20000,(IF(AND(P15=2,S15<15),18000,IF(AND(P15=2,S15>=15,S15<18),23000,IF(AND(P15=2,S15>=18),28000,IF(AND(P15=3,S15<15),26000,IF(AND(P15=3,S15>=15,S15<18),31000,IF(AND(P15=3,S15>=18),36000,IF(AND(P15=4,S15<15),34000,IF(AND(P15=4,S15>=15,S15<18),39000,IF(AND(P15=4,S15>=18),44000))))))))))))) -> 36000 | R15: =INCENTIVE!$E$8 -> 130000000 | S15: ='DL 1'!D16 -> 18 | T15: =(IF(S15>=24,"5",IF(S15>=18,"4",IF(S15>=15,"3",IF(S15>=12,"2","1"))))) -> 4 | V15: =(IF(S15>=12,"6",IF(S15>=9,"5",IF(S15>=8,"4",IF(S15>=7,"3",IF(S15=6,"2","1")))))) -> 6 | W15: =IF(AND(V15="6",R15>=7.7),115%,IF(AND(V15="6",R15>=7.5),105%,IF(AND(V15="6",R15>=7.3),100%,IF(AND(V15="6",R15>=7),100%,IF(AND(V15="6",R15<7),100%,IF(AND(V15="5",R15>=7.7),110%,IF(AND(V15="5",R15>=7.5),100%,IF(AND(V15="5",R15>=7.3),100%,IF(AND(V15="5",R15>=7),100%,IF(AND(V15="5",R15<7),100%,IF(AND(V15="4",R15>=7.7),105%,IF(AND(V15="4",R15>=7.5),100%,IF(AND(V15="4",R15>=7.3),95%,IF(AND(V15="4",R15>=7),90%,IF(AND(V15="4",R15<7),80%,IF(AND(V15="3",R15>=7.7),100%,IF(AND(V15="3",R15>=7.5),90%,IF(AND(V15="3",R15>=7.3),80%,IF(AND(V15="3",R15>=7),70%,IF(AND(V15="3",R15<7),60%,IF(AND(V15="2",R15>=7.7),60%,IF(AND(V15="2",R15>=7.5),50%,IF(AND(V15="2",R15>=7.3),35%,IF(AND(V15="2",R15>=7),35%,IF(AND(V15="2",R15<7),25%,25%))))))))))))))))))))))))) -> 1.15 | X15: ='DL 1'!E16 -> 29000000 | Y15: ='DL 1'!G16 -> B | Z15: =IF(AND(#REF!="1",Y15="A"),0.9,IF(AND(#REF!="1",Y15="B"),0.7,IF(AND(#REF!="1",Y15="C"),0,IF(AND(#REF!="1",Y15="D"),0,IF(AND(#REF!="2",Y15="A"),1.2,IF(AND(#REF!="2",Y15="B"),1,IF(AND(#REF!="2",Y15="C"),0.1,IF(AND(#REF!="2",Y15="D"),0,IF(AND(#REF!="3",Y15="A"),1.3,IF(AND(#REF!="3",Y15="B"),1.1,IF(AND(#REF!="3",Y15="C"),0.3,IF(AND(#REF!="3",Y15="D"),0,IF(AND(#REF!="4",Y15="A"),1.5,IF(AND(#REF!="4",Y15="B"),1.3,IF(AND(#REF!="4",Y15="C"),0.4,IF(AND(#REF!="4",Y15="D"),0,IF(AND(#REF!="5",Y15="A"),1.6,IF(AND(#REF!="5",Y15="B"),1.4,IF(AND(#REF!="5",Y15="C"),0.5,IF(AND(#REF!="5",Y15="D"),0,)))))))))))))))))))) -> #REF! | AB15: =_xlfn.IFNA(INDEX(Data!$H$66:$L$69,MATCH(Y15,Data!$G$66:$G$69,1)),0) -> 0 | AC15: =_xlfn.IFNA(INDEX(Data!$H$66:$L$69,MATCH('DL 1'!D7,Data!$G$66:$G$69,1),MATCH(CONVERT!#REF!,Data!$H$65:$L$65,1)),0) -> 0 | AD15: =SUM(AC15) -> 0 | AE15: ='DL 1'!F16 -> Y | AF15: =IFERROR(VLOOKUP(Y15,Data!$G$65:$K$79,4,0),"") -> 1.1 | AG15: =#REF! -> #REF! | AK15: =IF(G15<1,0,IF(G15<12000000,1,IF(AND(G15>=12000000,G15<25000000),2,IF(AND(G15>=25000000,G15<50000000),3,IF(AND(G15>=50000000),4,))))) -> 3 | AL15: =IF(AND(S15<12,Y15="A"),0.9,IF(AND(S15<12,Y15="B"),0.7,IF(AND(S15<12,Y15="C"),0,IF(AND(S15<12,Y15="D"),0,IF(AND(S15>=12,S15<15,Y15="A"),1.2,IF(AND(S15>=12,S15<15,Y15="B"),1,IF(AND(S15>=12,S15<15,Y15="C"),0.1,IF(AND(S15>=12,S15<15,Y15="D"),0,IF(AND(S15>=15,S15<18,Y15="A"),1.3,IF(AND(S15>=15,S15<18,Y15="B"),1.1,IF(AND(S15>=15,S15<18,Y15="C"),0.3,IF(AND(S15>=15,S15<18,Y15="D"),0,IF(AND(S15>=18,S15<24,Y15="A"),1.5,IF(AND(S15>=18,S15<24,Y15="B"),1.3,IF(AND(S15>=18,S15<24,Y15="C"),0.4,IF(AND(S15>=18,S15<24,Y15="D"),0,IF(AND(S15>=24,Y15="A"),1.6,IF(AND(S15>=24,Y15="B"),1.4,IF(AND(S15>=24,Y15="C"),0.5,IF(AND(S15>=24,Y15="D"),0,)))))))))))))))))))) -> 1.3 | AM15: =X15*(AL15/100) -> 377000 | AN15: =Q15 -> 36000
A16: =IF(D16="A",_xlfn.IFNA(INDEX(Data!$H$24:$J$28,MATCH('DL 1'!E17,Data!$G$24:$G$28,1),MATCH('DL 1'!D17,Data!$H$23:$J$23,1)),0),0) -> 25000 | B16: =IF('DL 1'!F17="Y",Q16,0) -> 20000 | C16: =_xlfn.IFNA(INDEX(Data!$H$24:$J$28,MATCH(#REF!,Data!$G$24:$G$28,1),MATCH(#REF!,Data!$H$23:$J$23,1)),0) -> #REF! | D16: =RIGHT(TRIM('DL 1'!G17),1) -> A | E16: ='DL 1'!E17*'DL 1'!D17 -> 162000000 | F16: =_xlfn.IFNA(VLOOKUP(TRIM('DL 1'!G17),Data!$A:$C,3,0),"") | G16: ='DL 1'!E17 -> 9000000 | H16: =_xlfn.IFNA(VLOOKUP(TRIM('DL 1'!G17),Data!$A:$D,4,0),0) -> 0 | I16: =_xlfn.IFNA(INDEX(Data!$G$5:$K$10,MATCH('DL 1'!D17,Data!$F$5:$F$10,1),MATCH(_xlfn.SINGLE(#REF!),Data!$G$4:$K$4,1)),0) -> #REF! | J16: =_xlfn.IFNA(IF(VLOOKUP(TRIM('DL 1'!G17),Data!$A:$C,3,0)="ST1",H16*I16*G16,IF(VLOOKUP(TRIM('DL 1'!G17),Data!$A:$C,3,0)="IR0",H16*G16,MIN(H16:I16)*G16)),0) -> 0 | K16: =_xlfn.IFNA(VLOOKUP(TRIM(#REF!),Data!$A:$D,4,0)*#REF!,0) -> #REF! | L16: =IF(TRIM('DL 1'!G17)="EDCLNHT0IRNLI",20000,0) -> 0 | M16: =IF(ISERROR(MATCH('DL 1'!A17,#REF!,0)),0,J16*2) -> 0 | N16: =#REF! -> #REF! | O16: =_xlfn.IFNA(VLOOKUP(RIGHT(VLOOKUP(TRIM('DL 1'!G17),Data!$A:$B,2,0),1),Data!$L$23:$M$30,2,0),0) -> 0 | P16: =IF(G16<1,0,IF(G16<12000000,1,IF(AND(G16>=12000000,G16<25000000),2,IF(AND(G16>=25000000,G16<50000000),3,IF(AND(G16>=50000000),4,))))) -> 1 | Q16: =IF(AND(P16=1,S16<15),10000,IF(AND(P16=1,S16>=15,S16<18),15000,IF(AND(P16=1,S16>=18),20000,(IF(AND(P16=2,S16<15),18000,IF(AND(P16=2,S16>=15,S16<18),23000,IF(AND(P16=2,S16>=18),28000,IF(AND(P16=3,S16<15),26000,IF(AND(P16=3,S16>=15,S16<18),31000,IF(AND(P16=3,S16>=18),36000,IF(AND(P16=4,S16<15),34000,IF(AND(P16=4,S16>=15,S16<18),39000,IF(AND(P16=4,S16>=18),44000))))))))))))) -> 20000 | R16: =INCENTIVE!$E$8 -> 130000000 | S16: ='DL 1'!D17 -> 18 | T16: =(IF(S16>=24,"5",IF(S16>=18,"4",IF(S16>=15,"3",IF(S16>=12,"2","1"))))) -> 4 | V16: =(IF(S16>=12,"6",IF(S16>=9,"5",IF(S16>=8,"4",IF(S16>=7,"3",IF(S16=6,"2","1")))))) -> 6 | W16: =IF(AND(V16="6",R16>=7.7),115%,IF(AND(V16="6",R16>=7.5),105%,IF(AND(V16="6",R16>=7.3),100%,IF(AND(V16="6",R16>=7),100%,IF(AND(V16="6",R16<7),100%,IF(AND(V16="5",R16>=7.7),110%,IF(AND(V16="5",R16>=7.5),100%,IF(AND(V16="5",R16>=7.3),100%,IF(AND(V16="5",R16>=7),100%,IF(AND(V16="5",R16<7),100%,IF(AND(V16="4",R16>=7.7),105%,IF(AND(V16="4",R16>=7.5),100%,IF(AND(V16="4",R16>=7.3),95%,IF(AND(V16="4",R16>=7),90%,IF(AND(V16="4",R16<7),80%,IF(AND(V16="3",R16>=7.7),100%,IF(AND(V16="3",R16>=7.5),90%,IF(AND(V16="3",R16>=7.3),80%,IF(AND(V16="3",R16>=7),70%,IF(AND(V16="3",R16<7),60%,IF(AND(V16="2",R16>=7.7),60%,IF(AND(V16="2",R16>=7.5),50%,IF(AND(V16="2",R16>=7.3),35%,IF(AND(V16="2",R16>=7),35%,IF(AND(V16="2",R16<7),25%,25%))))))))))))))))))))))))) -> 1.15 | X16: ='DL 1'!E17 -> 9000000 | Y16: ='DL 1'!G17 -> A | Z16: =IF(AND(#REF!="1",Y16="A"),0.9,IF(AND(#REF!="1",Y16="B"),0.7,IF(AND(#REF!="1",Y16="C"),0,IF(AND(#REF!="1",Y16="D"),0,IF(AND(#REF!="2",Y16="A"),1.2,IF(AND(#REF!="2",Y16="B"),1,IF(AND(#REF!="2",Y16="C"),0.1,IF(AND(#REF!="2",Y16="D"),0,IF(AND(#REF!="3",Y16="A"),1.3,IF(AND(#REF!="3",Y16="B"),1.1,IF(AND(#REF!="3",Y16="C"),0.3,IF(AND(#REF!="3",Y16="D"),0,IF(AND(#REF!="4",Y16="A"),1.5,IF(AND(#REF!="4",Y16="B"),1.3,IF(AND(#REF!="4",Y16="C"),0.4,IF(AND(#REF!="4",Y16="D"),0,IF(AND(#REF!="5",Y16="A"),1.6,IF(AND(#REF!="5",Y16="B"),1.4,IF(AND(#REF!="5",Y16="C"),0.5,IF(AND(#REF!="5",Y16="D"),0,)))))))))))))))))))) -> #REF! | AC16: =_xlfn.IFNA(INDEX(Data!$H$66:$L$69,MATCH('DL 1'!D8,Data!$G$66:$G$69,1),MATCH(CONVERT!#REF!,Data!$H$65:$L$65,1)),0) -> 0 | AD16: =SUM(AC16) -> 0 | AE16: ='DL 1'!F17 -> Y | AF16: =IFERROR(VLOOKUP(Y16,Data!$G$65:$K$79,4,0),"") -> 1.3 | AG16: =#REF! -> #REF! | AK16: =IF(G16<1,0,IF(G16<12000000,1,IF(AND(G16>=12000000,G16<25000000),2,IF(AND(G16>=25000000,G16<50000000),3,IF(AND(G16>=50000000),4,))))) -> 1 | AL16: =IF(AND(S16<12,Y16="A"),0.9,IF(AND(S16<12,Y16="B"),0.7,IF(AND(S16<12,Y16="C"),0,IF(AND(S16<12,Y16="D"),0,IF(AND(S16>=12,S16<15,Y16="A"),1.2,IF(AND(S16>=12,S16<15,Y16="B"),1,IF(AND(S16>=12,S16<15,Y16="C"),0.1,IF(AND(S16>=12,S16<15,Y16="D"),0,IF(AND(S16>=15,S16<18,Y16="A"),1.3,IF(AND(S16>=15,S16<18,Y16="B"),1.1,IF(AND(S16>=15,S16<18,Y16="C"),0.3,IF(AND(S16>=15,S16<18,Y16="D"),0,IF(AND(S16>=18,S16<24,Y16="A"),1.5,IF(AND(S16>=18,S16<24,Y16="B"),1.3,IF(AND(S16>=18,S16<24,Y16="C"),0.4,IF(AND(S16>=18,S16<24,Y16="D"),0,IF(AND(S16>=24,Y16="A"),1.6,IF(AND(S16>=24,Y16="B"),1.4,IF(AND(S16>=24,Y16="C"),0.5,IF(AND(S16>=24,Y16="D"),0,)))))))))))))))))))) -> 1.5 | AM16: =X16*(AL16/100) -> 135000 | AN16: =Q16 -> 20000
A17: =IF(D17="A",_xlfn.IFNA(INDEX(Data!$H$24:$J$28,MATCH('DL 1'!E18,Data!$G$24:$G$28,1),MATCH('DL 1'!D18,Data!$H$23:$J$23,1)),0),0) -> 0 | B17: =IF('DL 1'!F18="Y",Q17,0) -> 20000 | C17: =_xlfn.IFNA(INDEX(Data!$H$24:$J$28,MATCH(#REF!,Data!$G$24:$G$28,1),MATCH(#REF!,Data!$H$23:$J$23,1)),0) -> #REF! | D17: =RIGHT(TRIM('DL 1'!G18),1) -> B | E17: ='DL 1'!E18*'DL 1'!D18 -> 162000000 | F17: =_xlfn.IFNA(VLOOKUP(TRIM('DL 1'!G18),Data!$A:$C,3,0),"") | G17: ='DL 1'!E18 -> 9000000 | H17: =_xlfn.IFNA(VLOOKUP(TRIM('DL 1'!G18),Data!$A:$D,4,0),0) -> 0 | I17: =_xlfn.IFNA(INDEX(Data!$G$5:$K$10,MATCH('DL 1'!D18,Data!$F$5:$F$10,1),MATCH(_xlfn.SINGLE(#REF!),Data!$G$4:$K$4,1)),0) -> #REF! | J17: =_xlfn.IFNA(IF(VLOOKUP(TRIM('DL 1'!G18),Data!$A:$C,3,0)="ST1",H17*I17*G17,IF(VLOOKUP(TRIM('DL 1'!G18),Data!$A:$C,3,0)="IR0",H17*G17,MIN(H17:I17)*G17)),0) -> 0 | K17: =_xlfn.IFNA(VLOOKUP(TRIM(#REF!),Data!$A:$D,4,0)*#REF!,0) -> #REF! | L17: =IF(TRIM('DL 1'!G18)="EDCLNHT0IRNLI",20000,0) -> 0 | M17: =IF(ISERROR(MATCH('DL 1'!A18,#REF!,0)),0,J17*2) -> 0 | N17: =#REF! -> #REF! | O17: =_xlfn.IFNA(VLOOKUP(RIGHT(VLOOKUP(TRIM('DL 1'!G18),Data!$A:$B,2,0),1),Data!$L$23:$M$30,2,0),0) -> 0 | P17: =IF(G17<1,0,IF(G17<12000000,1,IF(AND(G17>=12000000,G17<25000000),2,IF(AND(G17>=25000000,G17<50000000),3,IF(AND(G17>=50000000),4,))))) -> 1 | Q17: =IF(AND(P17=1,S17<15),10000,IF(AND(P17=1,S17>=15,S17<18),15000,IF(AND(P17=1,S17>=18),20000,(IF(AND(P17=2,S17<15),18000,IF(AND(P17=2,S17>=15,S17<18),23000,IF(AND(P17=2,S17>=18),28000,IF(AND(P17=3,S17<15),26000,IF(AND(P17=3,S17>=15,S17<18),31000,IF(AND(P17=3,S17>=18),36000,IF(AND(P17=4,S17<15),34000,IF(AND(P17=4,S17>=15,S17<18),39000,IF(AND(P17=4,S17>=18),44000))))))))))))) -> 20000 | R17: =INCENTIVE!$E$8 -> 130000000 | S17: ='DL 1'!D18 -> 18 | T17: =(IF(S17>=24,"5",IF(S17>=18,"4",IF(S17>=15,"3",IF(S17>=12,"2","1"))))) -> 4 | V17: =(IF(S17>=12,"6",IF(S17>=9,"5",IF(S17>=8,"4",IF(S17>=7,"3",IF(S17=6,"2","1")))))) -> 6 | W17: =IF(AND(V17="6",R17>=7.7),115%,IF(AND(V17="6",R17>=7.5),105%,IF(AND(V17="6",R17>=7.3),100%,IF(AND(V17="6",R17>=7),100%,IF(AND(V17="6",R17<7),100%,IF(AND(V17="5",R17>=7.7),110%,IF(AND(V17="5",R17>=7.5),100%,IF(AND(V17="5",R17>=7.3),100%,IF(AND(V17="5",R17>=7),100%,IF(AND(V17="5",R17<7),100%,IF(AND(V17="4",R17>=7.7),105%,IF(AND(V17="4",R17>=7.5),100%,IF(AND(V17="4",R17>=7.3),95%,IF(AND(V17="4",R17>=7),90%,IF(AND(V17="4",R17<7),80%,IF(AND(V17="3",R17>=7.7),100%,IF(AND(V17="3",R17>=7.5),90%,IF(AND(V17="3",R17>=7.3),80%,IF(AND(V17="3",R17>=7),70%,IF(AND(V17="3",R17<7),60%,IF(AND(V17="2",R17>=7.7),60%,IF(AND(V17="2",R17>=7.5),50%,IF(AND(V17="2",R17>=7.3),35%,IF(AND(V17="2",R17>=7),35%,IF(AND(V17="2",R17<7),25%,25%))))))))))))))))))))))))) -> 1.15 | X17: ='DL 1'!E18 -> 9000000 | Y17: ='DL 1'!G18 -> B | Z17: =IF(AND(#REF!="1",Y17="A"),0.9,IF(AND(#REF!="1",Y17="B"),0.7,IF(AND(#REF!="1",Y17="C"),0,IF(AND(#REF!="1",Y17="D"),0,IF(AND(#REF!="2",Y17="A"),1.2,IF(AND(#REF!="2",Y17="B"),1,IF(AND(#REF!="2",Y17="C"),0.1,IF(AND(#REF!="2",Y17="D"),0,IF(AND(#REF!="3",Y17="A"),1.3,IF(AND(#REF!="3",Y17="B"),1.1,IF(AND(#REF!="3",Y17="C"),0.3,IF(AND(#REF!="3",Y17="D"),0,IF(AND(#REF!="4",Y17="A"),1.5,IF(AND(#REF!="4",Y17="B"),1.3,IF(AND(#REF!="4",Y17="C"),0.4,IF(AND(#REF!="4",Y17="D"),0,IF(AND(#REF!="5",Y17="A"),1.6,IF(AND(#REF!="5",Y17="B"),1.4,IF(AND(#REF!="5",Y17="C"),0.5,IF(AND(#REF!="5",Y17="D"),0,)))))))))))))))))))) -> #REF! | AC17: =_xlfn.IFNA(INDEX(Data!$H$66:$L$69,MATCH('DL 1'!D9,Data!$G$66:$G$69,1),MATCH(CONVERT!#REF!,Data!$H$65:$L$65,1)),0) -> 0 | AD17: =SUM(AC17) -> 0 | AE17: ='DL 1'!F18 -> Y | AF17: =IFERROR(VLOOKUP(Y17,Data!$G$65:$K$79,4,0),"") -> 1.1 | AG17: =#REF! -> #REF! | AK17: =IF(G17<1,0,IF(G17<12000000,1,IF(AND(G17>=12000000,G17<25000000),2,IF(AND(G17>=25000000,G17<50000000),3,IF(AND(G17>=50000000),4,))))) -> 1 | AL17: =IF(AND(S17<12,Y17="A"),0.9,IF(AND(S17<12,Y17="B"),0.7,IF(AND(S17<12,Y17="C"),0,IF(AND(S17<12,Y17="D"),0,IF(AND(S17>=12,S17<15,Y17="A"),1.2,IF(AND(S17>=12,S17<15,Y17="B"),1,IF(AND(S17>=12,S17<15,Y17="C"),0.1,IF(AND(S17>=12,S17<15,Y17="D"),0,IF(AND(S17>=15,S17<18,Y17="A"),1.3,IF(AND(S17>=15,S17<18,Y17="B"),1.1,IF(AND(S17>=15,S17<18,Y17="C"),0.3,IF(AND(S17>=15,S17<18,Y17="D"),0,IF(AND(S17>=18,S17<24,Y17="A"),1.5,IF(AND(S17>=18,S17<24,Y17="B"),1.3,IF(AND(S17>=18,S17<24,Y17="C"),0.4,IF(AND(S17>=18,S17<24,Y17="D"),0,IF(AND(S17>=24,Y17="A"),1.6,IF(AND(S17>=24,Y17="B"),1.4,IF(AND(S17>=24,Y17="C"),0.5,IF(AND(S17>=24,Y17="D"),0,)))))))))))))))))))) -> 1.3 | AM17: =X17*(AL17/100) -> 117000 | AN17: =Q17 -> 20000
A18: =IF(D18="A",_xlfn.IFNA(INDEX(Data!$H$24:$J$28,MATCH('DL 1'!E19,Data!$G$24:$G$28,1),MATCH('DL 1'!D19,Data!$H$23:$J$23,1)),0),0) -> 0 | B18: =IF('DL 1'!F19="Y",Q18,0) -> 36000 | C18: =_xlfn.IFNA(INDEX(Data!$H$24:$J$28,MATCH(#REF!,Data!$G$24:$G$28,1),MATCH(#REF!,Data!$H$23:$J$23,1)),0) -> #REF! | D18: =RIGHT(TRIM('DL 1'!G19),1) -> B | E18: ='DL 1'!E19*'DL 1'!D19 -> 522000000 | F18: =_xlfn.IFNA(VLOOKUP(TRIM('DL 1'!G19),Data!$A:$C,3,0),"") | G18: ='DL 1'!E19 -> 29000000 | H18: =_xlfn.IFNA(VLOOKUP(TRIM('DL 1'!G19),Data!$A:$D,4,0),0) -> 0 | I18: =_xlfn.IFNA(INDEX(Data!$G$5:$K$10,MATCH('DL 1'!D19,Data!$F$5:$F$10,1),MATCH(_xlfn.SINGLE(#REF!),Data!$G$4:$K$4,1)),0) -> #REF! | J18: =_xlfn.IFNA(IF(VLOOKUP(TRIM('DL 1'!G19),Data!$A:$C,3,0)="ST1",H18*I18*G18,IF(VLOOKUP(TRIM('DL 1'!G19),Data!$A:$C,3,0)="IR0",H18*G18,MIN(H18:I18)*G18)),0) -> 0 | K18: =_xlfn.IFNA(VLOOKUP(TRIM(#REF!),Data!$A:$D,4,0)*#REF!,0) -> #REF! | L18: =IF(TRIM('DL 1'!G19)="EDCLNHT0IRNLI",20000,0) -> 0 | M18: =IF(ISERROR(MATCH('DL 1'!A19,#REF!,0)),0,J18*2) -> 0 | N18: =#REF! -> #REF! | O18: =_xlfn.IFNA(VLOOKUP(RIGHT(VLOOKUP(TRIM('DL 1'!G19),Data!$A:$B,2,0),1),Data!$L$23:$M$30,2,0),0) -> 0 | P18: =IF(G18<1,0,IF(G18<12000000,1,IF(AND(G18>=12000000,G18<25000000),2,IF(AND(G18>=25000000,G18<50000000),3,IF(AND(G18>=50000000),4,))))) -> 3 | Q18: =IF(AND(P18=1,S18<15),10000,IF(AND(P18=1,S18>=15,S18<18),15000,IF(AND(P18=1,S18>=18),20000,(IF(AND(P18=2,S18<15),18000,IF(AND(P18=2,S18>=15,S18<18),23000,IF(AND(P18=2,S18>=18),28000,IF(AND(P18=3,S18<15),26000,IF(AND(P18=3,S18>=15,S18<18),31000,IF(AND(P18=3,S18>=18),36000,IF(AND(P18=4,S18<15),34000,IF(AND(P18=4,S18>=15,S18<18),39000,IF(AND(P18=4,S18>=18),44000))))))))))))) -> 36000 | R18: =INCENTIVE!$E$8 -> 130000000 | S18: ='DL 1'!D19 -> 18 | T18: =(IF(S18>=24,"5",IF(S18>=18,"4",IF(S18>=15,"3",IF(S18>=12,"2","1"))))) -> 4 | V18: =(IF(S18>=12,"6",IF(S18>=9,"5",IF(S18>=8,"4",IF(S18>=7,"3",IF(S18=6,"2","1")))))) -> 6 | W18: =IF(AND(V18="6",R18>=7.7),115%,IF(AND(V18="6",R18>=7.5),105%,IF(AND(V18="6",R18>=7.3),100%,IF(AND(V18="6",R18>=7),100%,IF(AND(V18="6",R18<7),100%,IF(AND(V18="5",R18>=7.7),110%,IF(AND(V18="5",R18>=7.5),100%,IF(AND(V18="5",R18>=7.3),100%,IF(AND(V18="5",R18>=7),100%,IF(AND(V18="5",R18<7),100%,IF(AND(V18="4",R18>=7.7),105%,IF(AND(V18="4",R18>=7.5),100%,IF(AND(V18="4",R18>=7.3),95%,IF(AND(V18="4",R18>=7),90%,IF(AND(V18="4",R18<7),80%,IF(AND(V18="3",R18>=7.7),100%,IF(AND(V18="3",R18>=7.5),90%,IF(AND(V18="3",R18>=7.3),80%,IF(AND(V18="3",R18>=7),70%,IF(AND(V18="3",R18<7),60%,IF(AND(V18="2",R18>=7.7),60%,IF(AND(V18="2",R18>=7.5),50%,IF(AND(V18="2",R18>=7.3),35%,IF(AND(V18="2",R18>=7),35%,IF(AND(V18="2",R18<7),25%,25%))))))))))))))))))))))))) -> 1.15 | X18: ='DL 1'!E19 -> 29000000 | Y18: ='DL 1'!G19 -> B | Z18: =IF(AND(#REF!="1",Y18="A"),0.9,IF(AND(#REF!="1",Y18="B"),0.7,IF(AND(#REF!="1",Y18="C"),0,IF(AND(#REF!="1",Y18="D"),0,IF(AND(#REF!="2",Y18="A"),1.2,IF(AND(#REF!="2",Y18="B"),1,IF(AND(#REF!="2",Y18="C"),0.1,IF(AND(#REF!="2",Y18="D"),0,IF(AND(#REF!="3",Y18="A"),1.3,IF(AND(#REF!="3",Y18="B"),1.1,IF(AND(#REF!="3",Y18="C"),0.3,IF(AND(#REF!="3",Y18="D"),0,IF(AND(#REF!="4",Y18="A"),1.5,IF(AND(#REF!="4",Y18="B"),1.3,IF(AND(#REF!="4",Y18="C"),0.4,IF(AND(#REF!="4",Y18="D"),0,IF(AND(#REF!="5",Y18="A"),1.6,IF(AND(#REF!="5",Y18="B"),1.4,IF(AND(#REF!="5",Y18="C"),0.5,IF(AND(#REF!="5",Y18="D"),0,)))))))))))))))))))) -> #REF! | AC18: =_xlfn.IFNA(INDEX(Data!$H$66:$L$69,MATCH('DL 1'!D10,Data!$G$66:$G$69,1),MATCH(CONVERT!#REF!,Data!$H$65:$L$65,1)),0) -> 0 | AD18: =SUM(AC18) -> 0 | AE18: ='DL 1'!F19 -> Y | AF18: =IFERROR(VLOOKUP(Y18,Data!$G$65:$K$79,4,0),"") -> 1.1 | AG18: =#REF! -> #REF! | AK18: =IF(G18<1,0,IF(G18<12000000,1,IF(AND(G18>=12000000,G18<25000000),2,IF(AND(G18>=25000000,G18<50000000),3,IF(AND(G18>=50000000),4,))))) -> 3 | AL18: =IF(AND(S18<12,Y18="A"),0.9,IF(AND(S18<12,Y18="B"),0.7,IF(AND(S18<12,Y18="C"),0,IF(AND(S18<12,Y18="D"),0,IF(AND(S18>=12,S18<15,Y18="A"),1.2,IF(AND(S18>=12,S18<15,Y18="B"),1,IF(AND(S18>=12,S18<15,Y18="C"),0.1,IF(AND(S18>=12,S18<15,Y18="D"),0,IF(AND(S18>=15,S18<18,Y18="A"),1.3,IF(AND(S18>=15,S18<18,Y18="B"),1.1,IF(AND(S18>=15,S18<18,Y18="C"),0.3,IF(AND(S18>=15,S18<18,Y18="D"),0,IF(AND(S18>=18,S18<24,Y18="A"),1.5,IF(AND(S18>=18,S18<24,Y18="B"),1.3,IF(AND(S18>=18,S18<24,Y18="C"),0.4,IF(AND(S18>=18,S18<24,Y18="D"),0,IF(AND(S18>=24,Y18="A"),1.6,IF(AND(S18>=24,Y18="B"),1.4,IF(AND(S18>=24,Y18="C"),0.5,IF(AND(S18>=24,Y18="D"),0,)))))))))))))))))))) -> 1.3 | AM18: =X18*(AL18/100) -> 377000 | AN18: =Q18 -> 36000
A19: =IF(D19="A",_xlfn.IFNA(INDEX(Data!$H$24:$J$28,MATCH('DL 1'!E20,Data!$G$24:$G$28,1),MATCH('DL 1'!D20,Data!$H$23:$J$23,1)),0),0) -> 0 | B19: =IF('DL 1'!F20="Y",Q19,0) -> 20000 | C19: =_xlfn.IFNA(INDEX(Data!$H$24:$J$28,MATCH(#REF!,Data!$G$24:$G$28,1),MATCH(#REF!,Data!$H$23:$J$23,1)),0) -> #REF! | D19: =RIGHT(TRIM('DL 1'!G20),1) -> C | E19: ='DL 1'!E20*'DL 1'!D20 -> 162000000 | F19: =_xlfn.IFNA(VLOOKUP(TRIM('DL 1'!G20),Data!$A:$C,3,0),"") | G19: ='DL 1'!E20 -> 9000000 | H19: =_xlfn.IFNA(VLOOKUP(TRIM('DL 1'!G20),Data!$A:$D,4,0),0) -> 0 | I19: =_xlfn.IFNA(INDEX(Data!$G$5:$K$10,MATCH('DL 1'!D20,Data!$F$5:$F$10,1),MATCH(_xlfn.SINGLE(#REF!),Data!$G$4:$K$4,1)),0) -> #REF! | J19: =_xlfn.IFNA(IF(VLOOKUP(TRIM('DL 1'!G20),Data!$A:$C,3,0)="ST1",H19*I19*G19,IF(VLOOKUP(TRIM('DL 1'!G20),Data!$A:$C,3,0)="IR0",H19*G19,MIN(H19:I19)*G19)),0) -> 0 | K19: =_xlfn.IFNA(VLOOKUP(TRIM(#REF!),Data!$A:$D,4,0)*#REF!,0) -> #REF! | L19: =IF(TRIM('DL 1'!G20)="EDCLNHT0IRNLI",20000,0) -> 0 | M19: =IF(ISERROR(MATCH('DL 1'!A20,#REF!,0)),0,J19*2) -> 0 | N19: =#REF! -> #REF! | O19: =_xlfn.IFNA(VLOOKUP(RIGHT(VLOOKUP(TRIM('DL 1'!G20),Data!$A:$B,2,0),1),Data!$L$23:$M$30,2,0),0) -> 0 | P19: =IF(G19<1,0,IF(G19<12000000,1,IF(AND(G19>=12000000,G19<25000000),2,IF(AND(G19>=25000000,G19<50000000),3,IF(AND(G19>=50000000),4,))))) -> 1 | Q19: =IF(AND(P19=1,S19<15),10000,IF(AND(P19=1,S19>=15,S19<18),15000,IF(AND(P19=1,S19>=18),20000,(IF(AND(P19=2,S19<15),18000,IF(AND(P19=2,S19>=15,S19<18),23000,IF(AND(P19=2,S19>=18),28000,IF(AND(P19=3,S19<15),26000,IF(AND(P19=3,S19>=15,S19<18),31000,IF(AND(P19=3,S19>=18),36000,IF(AND(P19=4,S19<15),34000,IF(AND(P19=4,S19>=15,S19<18),39000,IF(AND(P19=4,S19>=18),44000))))))))))))) -> 20000 | R19: =INCENTIVE!$E$8 -> 130000000 | S19: ='DL 1'!D20 -> 18 | T19: =(IF(S19>=24,"5",IF(S19>=18,"4",IF(S19>=15,"3",IF(S19>=12,"2","1"))))) -> 4 | V19: =(IF(S19>=12,"6",IF(S19>=9,"5",IF(S19>=8,"4",IF(S19>=7,"3",IF(S19=6,"2","1")))))) -> 6 | W19: =IF(AND(V19="6",R19>=7.7),115%,IF(AND(V19="6",R19>=7.5),105%,IF(AND(V19="6",R19>=7.3),100%,IF(AND(V19="6",R19>=7),100%,IF(AND(V19="6",R19<7),100%,IF(AND(V19="5",R19>=7.7),110%,IF(AND(V19="5",R19>=7.5),100%,IF(AND(V19="5",R19>=7.3),100%,IF(AND(V19="5",R19>=7),100%,IF(AND(V19="5",R19<7),100%,IF(AND(V19="4",R19>=7.7),105%,IF(AND(V19="4",R19>=7.5),100%,IF(AND(V19="4",R19>=7.3),95%,IF(AND(V19="4",R19>=7),90%,IF(AND(V19="4",R19<7),80%,IF(AND(V19="3",R19>=7.7),100%,IF(AND(V19="3",R19>=7.5),90%,IF(AND(V19="3",R19>=7.3),80%,IF(AND(V19="3",R19>=7),70%,IF(AND(V19="3",R19<7),60%,IF(AND(V19="2",R19>=7.7),60%,IF(AND(V19="2",R19>=7.5),50%,IF(AND(V19="2",R19>=7.3),35%,IF(AND(V19="2",R19>=7),35%,IF(AND(V19="2",R19<7),25%,25%))))))))))))))))))))))))) -> 1.15 | X19: ='DL 1'!E20 -> 9000000 | Y19: ='DL 1'!G20 -> C | Z19: =IF(AND(#REF!="1",Y19="A"),0.9,IF(AND(#REF!="1",Y19="B"),0.7,IF(AND(#REF!="1",Y19="C"),0,IF(AND(#REF!="1",Y19="D"),0,IF(AND(#REF!="2",Y19="A"),1.2,IF(AND(#REF!="2",Y19="B"),1,IF(AND(#REF!="2",Y19="C"),0.1,IF(AND(#REF!="2",Y19="D"),0,IF(AND(#REF!="3",Y19="A"),1.3,IF(AND(#REF!="3",Y19="B"),1.1,IF(AND(#REF!="3",Y19="C"),0.3,IF(AND(#REF!="3",Y19="D"),0,IF(AND(#REF!="4",Y19="A"),1.5,IF(AND(#REF!="4",Y19="B"),1.3,IF(AND(#REF!="4",Y19="C"),0.4,IF(AND(#REF!="4",Y19="D"),0,IF(AND(#REF!="5",Y19="A"),1.6,IF(AND(#REF!="5",Y19="B"),1.4,IF(AND(#REF!="5",Y19="C"),0.5,IF(AND(#REF!="5",Y19="D"),0,)))))))))))))))))))) -> #REF! | AC19: =_xlfn.IFNA(INDEX(Data!$H$66:$L$69,MATCH('DL 1'!D11,Data!$G$66:$G$69,1),MATCH(CONVERT!#REF!,Data!$H$65:$L$65,1)),0) -> 0 | AD19: =SUM(AC19) -> 0 | AE19: ='DL 1'!F20 -> Y | AF19: =IFERROR(VLOOKUP(Y19,Data!$G$65:$K$79,4,0),"") -> 0.3 | AG19: =#REF! -> #REF! | AK19: =IF(G19<1,0,IF(G19<12000000,1,IF(AND(G19>=12000000,G19<25000000),2,IF(AND(G19>=25000000,G19<50000000),3,IF(AND(G19>=50000000),4,))))) -> 1 | AL19: =IF(AND(S19<12,Y19="A"),0.9,IF(AND(S19<12,Y19="B"),0.7,IF(AND(S19<12,Y19="C"),0,IF(AND(S19<12,Y19="D"),0,IF(AND(S19>=12,S19<15,Y19="A"),1.2,IF(AND(S19>=12,S19<15,Y19="B"),1,IF(AND(S19>=12,S19<15,Y19="C"),0.1,IF(AND(S19>=12,S19<15,Y19="D"),0,IF(AND(S19>=15,S19<18,Y19="A"),1.3,IF(AND(S19>=15,S19<18,Y19="B"),1.1,IF(AND(S19>=15,S19<18,Y19="C"),0.3,IF(AND(S19>=15,S19<18,Y19="D"),0,IF(AND(S19>=18,S19<24,Y19="A"),1.5,IF(AND(S19>=18,S19<24,Y19="B"),1.3,IF(AND(S19>=18,S19<24,Y19="C"),0.4,IF(AND(S19>=18,S19<24,Y19="D"),0,IF(AND(S19>=24,Y19="A"),1.6,IF(AND(S19>=24,Y19="B"),1.4,IF(AND(S19>=24,Y19="C"),0.5,IF(AND(S19>=24,Y19="D"),0,)))))))))))))))))))) -> 0.4 | AM19: =X19*(AL19/100) -> 36000 | AN19: =Q19 -> 20000
A20: =IF(D20="A",_xlfn.IFNA(INDEX(Data!$H$24:$J$28,MATCH('DL 1'!E21,Data!$G$24:$G$28,1),MATCH('DL 1'!D21,Data!$H$23:$J$23,1)),0),0) -> 0 | B20: =IF('DL 1'!F21="Y",Q20,0) -> 36000 | C20: =_xlfn.IFNA(INDEX(Data!$H$24:$J$28,MATCH(#REF!,Data!$G$24:$G$28,1),MATCH(#REF!,Data!$H$23:$J$23,1)),0) -> #REF! | D20: =RIGHT(TRIM('DL 1'!G21),1) -> B | E20: ='DL 1'!E21*'DL 1'!D21 -> 522000000 | F20: =_xlfn.IFNA(VLOOKUP(TRIM('DL 1'!G21),Data!$A:$C,3,0),"") | G20: ='DL 1'!E21 -> 29000000 | H20: =_xlfn.IFNA(VLOOKUP(TRIM('DL 1'!G21),Data!$A:$D,4,0),0) -> 0 | I20: =_xlfn.IFNA(INDEX(Data!$G$5:$K$10,MATCH('DL 1'!D21,Data!$F$5:$F$10,1),MATCH(_xlfn.SINGLE(#REF!),Data!$G$4:$K$4,1)),0) -> #REF! | J20: =_xlfn.IFNA(IF(VLOOKUP(TRIM('DL 1'!G21),Data!$A:$C,3,0)="ST1",H20*I20*G20,IF(VLOOKUP(TRIM('DL 1'!G21),Data!$A:$C,3,0)="IR0",H20*G20,MIN(H20:I20)*G20)),0) -> 0 | K20: =_xlfn.IFNA(VLOOKUP(TRIM(#REF!),Data!$A:$D,4,0)*#REF!,0) -> #REF! | L20: =IF(TRIM('DL 1'!G21)="EDCLNHT0IRNLI",20000,0) -> 0 | M20: =IF(ISERROR(MATCH('DL 1'!A21,#REF!,0)),0,J20*2) -> 0 | N20: =#REF! -> #REF! | O20: =_xlfn.IFNA(VLOOKUP(RIGHT(VLOOKUP(TRIM('DL 1'!G21),Data!$A:$B,2,0),1),Data!$L$23:$M$30,2,0),0) -> 0 | P20: =IF(G20<1,0,IF(G20<12000000,1,IF(AND(G20>=12000000,G20<25000000),2,IF(AND(G20>=25000000,G20<50000000),3,IF(AND(G20>=50000000),4,))))) -> 3 | Q20: =IF(AND(P20=1,S20<15),10000,IF(AND(P20=1,S20>=15,S20<18),15000,IF(AND(P20=1,S20>=18),20000,(IF(AND(P20=2,S20<15),18000,IF(AND(P20=2,S20>=15,S20<18),23000,IF(AND(P20=2,S20>=18),28000,IF(AND(P20=3,S20<15),26000,IF(AND(P20=3,S20>=15,S20<18),31000,IF(AND(P20=3,S20>=18),36000,IF(AND(P20=4,S20<15),34000,IF(AND(P20=4,S20>=15,S20<18),39000,IF(AND(P20=4,S20>=18),44000))))))))))))) -> 36000 | R20: =INCENTIVE!$E$8 -> 130000000 | S20: ='DL 1'!D21 -> 18 | T20: =(IF(S20>=24,"5",IF(S20>=18,"4",IF(S20>=15,"3",IF(S20>=12,"2","1"))))) -> 4 | V20: =(IF(S20>=12,"6",IF(S20>=9,"5",IF(S20>=8,"4",IF(S20>=7,"3",IF(S20=6,"2","1")))))) -> 6 | W20: =IF(AND(V20="6",R20>=7.7),115%,IF(AND(V20="6",R20>=7.5),105%,IF(AND(V20="6",R20>=7.3),100%,IF(AND(V20="6",R20>=7),100%,IF(AND(V20="6",R20<7),100%,IF(AND(V20="5",R20>=7.7),110%,IF(AND(V20="5",R20>=7.5),100%,IF(AND(V20="5",R20>=7.3),100%,IF(AND(V20="5",R20>=7),100%,IF(AND(V20="5",R20<7),100%,IF(AND(V20="4",R20>=7.7),105%,IF(AND(V20="4",R20>=7.5),100%,IF(AND(V20="4",R20>=7.3),95%,IF(AND(V20="4",R20>=7),90%,IF(AND(V20="4",R20<7),80%,IF(AND(V20="3",R20>=7.7),100%,IF(AND(V20="3",R20>=7.5),90%,IF(AND(V20="3",R20>=7.3),80%,IF(AND(V20="3",R20>=7),70%,IF(AND(V20="3",R20<7),60%,IF(AND(V20="2",R20>=7.7),60%,IF(AND(V20="2",R20>=7.5),50%,IF(AND(V20="2",R20>=7.3),35%,IF(AND(V20="2",R20>=7),35%,IF(AND(V20="2",R20<7),25%,25%))))))))))))))))))))))))) -> 1.15 | X20: ='DL 1'!E21 -> 29000000 | Y20: ='DL 1'!G21 -> B | Z20: =IF(AND(#REF!="1",Y20="A"),0.9,IF(AND(#REF!="1",Y20="B"),0.7,IF(AND(#REF!="1",Y20="C"),0,IF(AND(#REF!="1",Y20="D"),0,IF(AND(#REF!="2",Y20="A"),1.2,IF(AND(#REF!="2",Y20="B"),1,IF(AND(#REF!="2",Y20="C"),0.1,IF(AND(#REF!="2",Y20="D"),0,IF(AND(#REF!="3",Y20="A"),1.3,IF(AND(#REF!="3",Y20="B"),1.1,IF(AND(#REF!="3",Y20="C"),0.3,IF(AND(#REF!="3",Y20="D"),0,IF(AND(#REF!="4",Y20="A"),1.5,IF(AND(#REF!="4",Y20="B"),1.3,IF(AND(#REF!="4",Y20="C"),0.4,IF(AND(#REF!="4",Y20="D"),0,IF(AND(#REF!="5",Y20="A"),1.6,IF(AND(#REF!="5",Y20="B"),1.4,IF(AND(#REF!="5",Y20="C"),0.5,IF(AND(#REF!="5",Y20="D"),0,)))))))))))))))))))) -> #REF! | AC20: =IFERROR(VLOOKUP(Y20,Data!$G$65:$L$69,2,0) *X20,"") -> 20300000 | AD20: =SUM(AC20) -> 20300000 | AE20: ='DL 1'!F21 -> Y | AF20: =IFERROR(VLOOKUP(Y20,Data!$G$65:$K$79,4,0),"") -> 1.1 | AG20: =#REF! -> #REF! | AK20: =IF(G20<1,0,IF(G20<12000000,1,IF(AND(G20>=12000000,G20<25000000),2,IF(AND(G20>=25000000,G20<50000000),3,IF(AND(G20>=50000000),4,))))) -> 3 | AL20: =IF(AND(S20<12,Y20="A"),0.9,IF(AND(S20<12,Y20="B"),0.7,IF(AND(S20<12,Y20="C"),0,IF(AND(S20<12,Y20="D"),0,IF(AND(S20>=12,S20<15,Y20="A"),1.2,IF(AND(S20>=12,S20<15,Y20="B"),1,IF(AND(S20>=12,S20<15,Y20="C"),0.1,IF(AND(S20>=12,S20<15,Y20="D"),0,IF(AND(S20>=15,S20<18,Y20="A"),1.3,IF(AND(S20>=15,S20<18,Y20="B"),1.1,IF(AND(S20>=15,S20<18,Y20="C"),0.3,IF(AND(S20>=15,S20<18,Y20="D"),0,IF(AND(S20>=18,S20<24,Y20="A"),1.5,IF(AND(S20>=18,S20<24,Y20="B"),1.3,IF(AND(S20>=18,S20<24,Y20="C"),0.4,IF(AND(S20>=18,S20<24,Y20="D"),0,IF(AND(S20>=24,Y20="A"),1.6,IF(AND(S20>=24,Y20="B"),1.4,IF(AND(S20>=24,Y20="C"),0.5,IF(AND(S20>=24,Y20="D"),0,)))))))))))))))))))) -> 1.3 | AM20: =X20*(AL20/100) -> 377000 | AN20: =Q20 -> 36000
A21: =IF(D21="A",_xlfn.IFNA(INDEX(Data!$H$24:$J$28,MATCH('DL 1'!E22,Data!$G$24:$G$28,1),MATCH('DL 1'!D22,Data!$H$23:$J$23,1)),0),0) -> 0 | B21: =IF('DL 1'!F22="Y",Q21,0) -> 0 | C21: =_xlfn.IFNA(INDEX(Data!$H$24:$J$28,MATCH(#REF!,Data!$G$24:$G$28,1),MATCH(#REF!,Data!$H$23:$J$23,1)),0) -> #REF! | D21: =RIGHT(TRIM('DL 1'!G22),1) | E21: ='DL 1'!E22*'DL 1'!D22 -> 0 | F21: =_xlfn.IFNA(VLOOKUP(TRIM('DL 1'!G22),Data!$A:$C,3,0),"") | G21: ='DL 1'!E22 -> 0 | H21: =_xlfn.IFNA(VLOOKUP(TRIM('DL 1'!G22),Data!$A:$D,4,0),0) -> 0 | I21: =_xlfn.IFNA(INDEX(Data!$G$5:$K$10,MATCH('DL 1'!D22,Data!$F$5:$F$10,1),MATCH(_xlfn.SINGLE(#REF!),Data!$G$4:$K$4,1)),0) -> 0 | J21: =_xlfn.IFNA(IF(VLOOKUP(TRIM('DL 1'!G22),Data!$A:$C,3,0)="ST1",H21*I21*G21,IF(VLOOKUP(TRIM('DL 1'!G22),Data!$A:$C,3,0)="IR0",H21*G21,MIN(H21:I21)*G21)),0) -> 0 | K21: =_xlfn.IFNA(VLOOKUP(TRIM(#REF!),Data!$A:$D,4,0)*#REF!,0) -> #REF! | L21: =IF(TRIM('DL 1'!G22)="EDCLNHT0IRNLI",20000,0) -> 0 | M21: =IF(ISERROR(MATCH('DL 1'!A22,#REF!,0)),0,J21*2) -> 0 | N21: =#REF! -> #REF! | O21: =_xlfn.IFNA(VLOOKUP(RIGHT(VLOOKUP(TRIM('DL 1'!G22),Data!$A:$B,2,0),1),Data!$L$23:$M$30,2,0),0) -> 0 | P21: =IF(G21<1,0,IF(G21<12000000,1,IF(AND(G21>=12000000,G21<25000000),2,IF(AND(G21>=25000000,G21<50000000),3,IF(AND(G21>=50000000),4,))))) -> 0 | Q21: =IF(AND(P21=1,S21<15),10000,IF(AND(P21=1,S21>=15,S21<18),15000,IF(AND(P21=1,S21>=18),20000,(IF(AND(P21=2,S21<15),18000,IF(AND(P21=2,S21>=15,S21<18),23000,IF(AND(P21=2,S21>=18),28000,IF(AND(P21=3,S21<15),26000,IF(AND(P21=3,S21>=15,S21<18),31000,IF(AND(P21=3,S21>=18),36000,IF(AND(P21=4,S21<15),34000,IF(AND(P21=4,S21>=15,S21<18),39000,IF(AND(P21=4,S21>=18),44000))))))))))))) -> FALSE | R21: =INCENTIVE!$E$8 -> 130000000 | S21: ='DL 1'!D22 -> 0 | T21: =(IF(S21>=24,"5",IF(S21>=18,"4",IF(S21>=15,"3",IF(S21>=12,"2","1"))))) -> 1 | V21: =(IF(S21>=12,"6",IF(S21>=9,"5",IF(S21>=8,"4",IF(S21>=7,"3",IF(S21=6,"2","1")))))) -> 1 | W21: =IF(AND(V21="6",R21>=7.7),115%,IF(AND(V21="6",R21>=7.5),105%,IF(AND(V21="6",R21>=7.3),100%,IF(AND(V21="6",R21>=7),100%,IF(AND(V21="6",R21<7),100%,IF(AND(V21="5",R21>=7.7),110%,IF(AND(V21="5",R21>=7.5),100%,IF(AND(V21="5",R21>=7.3),100%,IF(AND(V21="5",R21>=7),100%,IF(AND(V21="5",R21<7),100%,IF(AND(V21="4",R21>=7.7),105%,IF(AND(V21="4",R21>=7.5),100%,IF(AND(V21="4",R21>=7.3),95%,IF(AND(V21="4",R21>=7),90%,IF(AND(V21="4",R21<7),80%,IF(AND(V21="3",R21>=7.7),100%,IF(AND(V21="3",R21>=7.5),90%,IF(AND(V21="3",R21>=7.3),80%,IF(AND(V21="3",R21>=7),70%,IF(AND(V21="3",R21<7),60%,IF(AND(V21="2",R21>=7.7),60%,IF(AND(V21="2",R21>=7.5),50%,IF(AND(V21="2",R21>=7.3),35%,IF(AND(V21="2",R21>=7),35%,IF(AND(V21="2",R21<7),25%,25%))))))))))))))))))))))))) -> 0.25 | X21: ='DL 1'!E22 -> 0 | Y21: ='DL 1'!G22 -> 0 | Z21: =IF(AND(#REF!="1",Y21="A"),0.9,IF(AND(#REF!="1",Y21="B"),0.7,IF(AND(#REF!="1",Y21="C"),0,IF(AND(#REF!="1",Y21="D"),0,IF(AND(#REF!="2",Y21="A"),1.2,IF(AND(#REF!="2",Y21="B"),1,IF(AND(#REF!="2",Y21="C"),0.1,IF(AND(#REF!="2",Y21="D"),0,IF(AND(#REF!="3",Y21="A"),1.3,IF(AND(#REF!="3",Y21="B"),1.1,IF(AND(#REF!="3",Y21="C"),0.3,IF(AND(#REF!="3",Y21="D"),0,IF(AND(#REF!="4",Y21="A"),1.5,IF(AND(#REF!="4",Y21="B"),1.3,IF(AND(#REF!="4",Y21="C"),0.4,IF(AND(#REF!="4",Y21="D"),0,IF(AND(#REF!="5",Y21="A"),1.6,IF(AND(#REF!="5",Y21="B"),1.4,IF(AND(#REF!="5",Y21="C"),0.5,IF(AND(#REF!="5",Y21="D"),0,)))))))))))))))))))) -> #REF! | AC21: =IFERROR(VLOOKUP(Y21,Data!$G$65:$L$69,2,0) *X21,"") | AD21: =SUM(AC21) -> 0 | AE21: ='DL 1'!F22 -> 0 | AF21: =IFERROR(VLOOKUP(Y21,Data!$G$65:$K$79,4,0),"") | AG21: =#REF! -> #REF! | AK21: =IF(G21<1,0,IF(G21<12000000,1,IF(AND(G21>=12000000,G21<25000000),2,IF(AND(G21>=25000000,G21<50000000),3,IF(AND(G21>=50000000),4,))))) -> 0 | AL21: =IF(AND(S21<12,Y21="A"),0.9,IF(AND(S21<12,Y21="B"),0.7,IF(AND(S21<12,Y21="C"),0,IF(AND(S21<12,Y21="D"),0,IF(AND(S21>=12,S21<15,Y21="A"),1.2,IF(AND(S21>=12,S21<15,Y21="B"),1,IF(AND(S21>=12,S21<15,Y21="C"),0.1,IF(AND(S21>=12,S21<15,Y21="D"),0,IF(AND(S21>=15,S21<18,Y21="A"),1.3,IF(AND(S21>=15,S21<18,Y21="B"),1.1,IF(AND(S21>=15,S21<18,Y21="C"),0.3,IF(AND(S21>=15,S21<18,Y21="D"),0,IF(AND(S21>=18,S21<24,Y21="A"),1.5,IF(AND(S21>=18,S21<24,Y21="B"),1.3,IF(AND(S21>=18,S21<24,Y21="C"),0.4,IF(AND(S21>=18,S21<24,Y21="D"),0,IF(AND(S21>=24,Y21="A"),1.6,IF(AND(S21>=24,Y21="B"),1.4,IF(AND(S21>=24,Y21="C"),0.5,IF(AND(S21>=24,Y21="D"),0,)))))))))))))))))))) -> 0 | AM21: =X21*(AL21/100) -> 0 | AN21: =Q21 -> FALSE
A22: =IF(D22="A",_xlfn.IFNA(INDEX(Data!$H$24:$J$28,MATCH('DL 1'!E23,Data!$G$24:$G$28,1),MATCH('DL 1'!D23,Data!$H$23:$J$23,1)),0),0) -> 0 | B22: =IF('DL 1'!F23="Y",Q22,0) -> 0 | C22: =_xlfn.IFNA(INDEX(Data!$H$24:$J$28,MATCH(#REF!,Data!$G$24:$G$28,1),MATCH(#REF!,Data!$H$23:$J$23,1)),0) -> #REF! | D22: =RIGHT(TRIM('DL 1'!G23),1) | E22: ='DL 1'!E23*'DL 1'!D23 -> 0 | F22: =_xlfn.IFNA(VLOOKUP(TRIM('DL 1'!G23),Data!$A:$C,3,0),"") | G22: ='DL 1'!E23 -> 0 | H22: =_xlfn.IFNA(VLOOKUP(TRIM('DL 1'!G23),Data!$A:$D,4,0),0) -> 0 | I22: =_xlfn.IFNA(INDEX(Data!$G$5:$K$10,MATCH('DL 1'!D23,Data!$F$5:$F$10,1),MATCH(_xlfn.SINGLE(#REF!),Data!$G$4:$K$4,1)),0) -> 0 | J22: =_xlfn.IFNA(IF(VLOOKUP(TRIM('DL 1'!G23),Data!$A:$C,3,0)="ST1",H22*I22*G22,IF(VLOOKUP(TRIM('DL 1'!G23),Data!$A:$C,3,0)="IR0",H22*G22,MIN(H22:I22)*G22)),0) -> 0 | K22: =_xlfn.IFNA(VLOOKUP(TRIM(#REF!),Data!$A:$D,4,0)*#REF!,0) -> #REF! | L22: =IF(TRIM('DL 1'!G23)="EDCLNHT0IRNLI",20000,0) -> 0 | M22: =IF(ISERROR(MATCH('DL 1'!A23,#REF!,0)),0,J22*2) -> 0 | N22: =#REF! -> #REF! | O22: =_xlfn.IFNA(VLOOKUP(RIGHT(VLOOKUP(TRIM('DL 1'!G23),Data!$A:$B,2,0),1),Data!$L$23:$M$30,2,0),0) -> 0 | P22: =IF(G22<1,0,IF(G22<12000000,1,IF(AND(G22>=12000000,G22<25000000),2,IF(AND(G22>=25000000,G22<50000000),3,IF(AND(G22>=50000000),4,))))) -> 0 | Q22: =IF(AND(P22=1,S22<15),10000,IF(AND(P22=1,S22>=15,S22<18),15000,IF(AND(P22=1,S22>=18),20000,(IF(AND(P22=2,S22<15),18000,IF(AND(P22=2,S22>=15,S22<18),23000,IF(AND(P22=2,S22>=18),28000,IF(AND(P22=3,S22<15),26000,IF(AND(P22=3,S22>=15,S22<18),31000,IF(AND(P22=3,S22>=18),36000,IF(AND(P22=4,S22<15),34000,IF(AND(P22=4,S22>=15,S22<18),39000,IF(AND(P22=4,S22>=18),44000))))))))))))) -> FALSE | R22: =INCENTIVE!$E$8 -> 130000000 | S22: ='DL 1'!D23 -> 0 | T22: =(IF(S22>=24,"5",IF(S22>=18,"4",IF(S22>=15,"3",IF(S22>=12,"2","1"))))) -> 1 | V22: =(IF(S22>=12,"6",IF(S22>=9,"5",IF(S22>=8,"4",IF(S22>=7,"3",IF(S22=6,"2","1")))))) -> 1 | W22: =IF(AND(V22="6",R22>=7.7),115%,IF(AND(V22="6",R22>=7.5),105%,IF(AND(V22="6",R22>=7.3),100%,IF(AND(V22="6",R22>=7),100%,IF(AND(V22="6",R22<7),100%,IF(AND(V22="5",R22>=7.7),110%,IF(AND(V22="5",R22>=7.5),100%,IF(AND(V22="5",R22>=7.3),100%,IF(AND(V22="5",R22>=7),100%,IF(AND(V22="5",R22<7),100%,IF(AND(V22="4",R22>=7.7),105%,IF(AND(V22="4",R22>=7.5),100%,IF(AND(V22="4",R22>=7.3),95%,IF(AND(V22="4",R22>=7),90%,IF(AND(V22="4",R22<7),80%,IF(AND(V22="3",R22>=7.7),100%,IF(AND(V22="3",R22>=7.5),90%,IF(AND(V22="3",R22>=7.3),80%,IF(AND(V22="3",R22>=7),70%,IF(AND(V22="3",R22<7),60%,IF(AND(V22="2",R22>=7.7),60%,IF(AND(V22="2",R22>=7.5),50%,IF(AND(V22="2",R22>=7.3),35%,IF(AND(V22="2",R22>=7),35%,IF(AND(V22="2",R22<7),25%,25%))))))))))))))))))))))))) -> 0.25 | X22: ='DL 1'!E23 -> 0 | Y22: ='DL 1'!G23 -> 0 | Z22: =IF(AND(#REF!="1",Y22="A"),0.9,IF(AND(#REF!="1",Y22="B"),0.7,IF(AND(#REF!="1",Y22="C"),0,IF(AND(#REF!="1",Y22="D"),0,IF(AND(#REF!="2",Y22="A"),1.2,IF(AND(#REF!="2",Y22="B"),1,IF(AND(#REF!="2",Y22="C"),0.1,IF(AND(#REF!="2",Y22="D"),0,IF(AND(#REF!="3",Y22="A"),1.3,IF(AND(#REF!="3",Y22="B"),1.1,IF(AND(#REF!="3",Y22="C"),0.3,IF(AND(#REF!="3",Y22="D"),0,IF(AND(#REF!="4",Y22="A"),1.5,IF(AND(#REF!="4",Y22="B"),1.3,IF(AND(#REF!="4",Y22="C"),0.4,IF(AND(#REF!="4",Y22="D"),0,IF(AND(#REF!="5",Y22="A"),1.6,IF(AND(#REF!="5",Y22="B"),1.4,IF(AND(#REF!="5",Y22="C"),0.5,IF(AND(#REF!="5",Y22="D"),0,)))))))))))))))))))) -> #REF! | AC22: =IFERROR(VLOOKUP(Y22,Data!$G$65:$L$69,2,0) *X22,"") | AD22: =SUM(AC22) -> 0 | AE22: ='DL 1'!F23 -> 0 | AF22: =IFERROR(VLOOKUP(Y22,Data!$G$65:$K$79,4,0),"") | AG22: =#REF! -> #REF! | AK22: =IF(G22<1,0,IF(G22<12000000,1,IF(AND(G22>=12000000,G22<25000000),2,IF(AND(G22>=25000000,G22<50000000),3,IF(AND(G22>=50000000),4,))))) -> 0 | AL22: =IF(AND(S22<12,Y22="A"),0.9,IF(AND(S22<12,Y22="B"),0.7,IF(AND(S22<12,Y22="C"),0,IF(AND(S22<12,Y22="D"),0,IF(AND(S22>=12,S22<15,Y22="A"),1.2,IF(AND(S22>=12,S22<15,Y22="B"),1,IF(AND(S22>=12,S22<15,Y22="C"),0.1,IF(AND(S22>=12,S22<15,Y22="D"),0,IF(AND(S22>=15,S22<18,Y22="A"),1.3,IF(AND(S22>=15,S22<18,Y22="B"),1.1,IF(AND(S22>=15,S22<18,Y22="C"),0.3,IF(AND(S22>=15,S22<18,Y22="D"),0,IF(AND(S22>=18,S22<24,Y22="A"),1.5,IF(AND(S22>=18,S22<24,Y22="B"),1.3,IF(AND(S22>=18,S22<24,Y22="C"),0.4,IF(AND(S22>=18,S22<24,Y22="D"),0,IF(AND(S22>=24,Y22="A"),1.6,IF(AND(S22>=24,Y22="B"),1.4,IF(AND(S22>=24,Y22="C"),0.5,IF(AND(S22>=24,Y22="D"),0,)))))))))))))))))))) -> 0 | AM22: =X22*(AL22/100) -> 0 | AN22: =Q22 -> FALSE
A23: =IF(D23="A",_xlfn.IFNA(INDEX(Data!$H$24:$J$28,MATCH('DL 1'!E24,Data!$G$24:$G$28,1),MATCH('DL 1'!D24,Data!$H$23:$J$23,1)),0),0) -> 0 | B23: =IF('DL 1'!F24="Y",Q23,0) -> 0 | C23: =_xlfn.IFNA(INDEX(Data!$H$24:$J$28,MATCH(#REF!,Data!$G$24:$G$28,1),MATCH(#REF!,Data!$H$23:$J$23,1)),0) -> #REF! | D23: =RIGHT(TRIM('DL 1'!G24),1) | E23: ='DL 1'!E24*'DL 1'!D24 -> 0 | F23: =_xlfn.IFNA(VLOOKUP(TRIM('DL 1'!G24),Data!$A:$C,3,0),"") | G23: ='DL 1'!E24 -> 0 | H23: =_xlfn.IFNA(VLOOKUP(TRIM('DL 1'!G24),Data!$A:$D,4,0),0) -> 0 | I23: =_xlfn.IFNA(INDEX(Data!$G$5:$K$10,MATCH('DL 1'!D24,Data!$F$5:$F$10,1),MATCH(_xlfn.SINGLE(#REF!),Data!$G$4:$K$4,1)),0) -> 0 | J23: =_xlfn.IFNA(IF(VLOOKUP(TRIM('DL 1'!G24),Data!$A:$C,3,0)="ST1",H23*I23*G23,IF(VLOOKUP(TRIM('DL 1'!G24),Data!$A:$C,3,0)="IR0",H23*G23,MIN(H23:I23)*G23)),0) -> 0 | K23: =_xlfn.IFNA(VLOOKUP(TRIM(#REF!),Data!$A:$D,4,0)*#REF!,0) -> #REF! | L23: =IF(TRIM('DL 1'!G24)="EDCLNHT0IRNLI",20000,0) -> 0 | M23: =IF(ISERROR(MATCH('DL 1'!A24,#REF!,0)),0,J23*2) -> 0 | N23: =#REF! -> #REF! | O23: =_xlfn.IFNA(VLOOKUP(RIGHT(VLOOKUP(TRIM('DL 1'!G24),Data!$A:$B,2,0),1),Data!$L$23:$M$30,2,0),0) -> 0 | P23: =IF(G23<1,0,IF(G23<12000000,1,IF(AND(G23>=12000000,G23<25000000),2,IF(AND(G23>=25000000,G23<50000000),3,IF(AND(G23>=50000000),4,))))) -> 0 | Q23: =IF(AND(P23=1,S23<15),10000,IF(AND(P23=1,S23>=15,S23<18),15000,IF(AND(P23=1,S23>=18),20000,(IF(AND(P23=2,S23<15),18000,IF(AND(P23=2,S23>=15,S23<18),23000,IF(AND(P23=2,S23>=18),28000,IF(AND(P23=3,S23<15),26000,IF(AND(P23=3,S23>=15,S23<18),31000,IF(AND(P23=3,S23>=18),36000,IF(AND(P23=4,S23<15),34000,IF(AND(P23=4,S23>=15,S23<18),39000,IF(AND(P23=4,S23>=18),44000))))))))))))) -> FALSE | R23: =INCENTIVE!$E$8 -> 130000000 | S23: ='DL 1'!D24 -> 0 | T23: =(IF(S23>=24,"5",IF(S23>=18,"4",IF(S23>=15,"3",IF(S23>=12,"2","1"))))) -> 1 | V23: =(IF(S23>=12,"6",IF(S23>=9,"5",IF(S23>=8,"4",IF(S23>=7,"3",IF(S23=6,"2","1")))))) -> 1 | W23: =IF(AND(V23="6",R23>=7.7),115%,IF(AND(V23="6",R23>=7.5),105%,IF(AND(V23="6",R23>=7.3),100%,IF(AND(V23="6",R23>=7),100%,IF(AND(V23="6",R23<7),100%,IF(AND(V23="5",R23>=7.7),110%,IF(AND(V23="5",R23>=7.5),100%,IF(AND(V23="5",R23>=7.3),100%,IF(AND(V23="5",R23>=7),100%,IF(AND(V23="5",R23<7),100%,IF(AND(V23="4",R23>=7.7),105%,IF(AND(V23="4",R23>=7.5),100%,IF(AND(V23="4",R23>=7.3),95%,IF(AND(V23="4",R23>=7),90%,IF(AND(V23="4",R23<7),80%,IF(AND(V23="3",R23>=7.7),100%,IF(AND(V23="3",R23>=7.5),90%,IF(AND(V23="3",R23>=7.3),80%,IF(AND(V23="3",R23>=7),70%,IF(AND(V23="3",R23<7),60%,IF(AND(V23="2",R23>=7.7),60%,IF(AND(V23="2",R23>=7.5),50%,IF(AND(V23="2",R23>=7.3),35%,IF(AND(V23="2",R23>=7),35%,IF(AND(V23="2",R23<7),25%,25%))))))))))))))))))))))))) -> 0.25 | X23: ='DL 1'!E24 -> 0 | Y23: ='DL 1'!G24 -> 0 | Z23: =IF(AND(#REF!="1",Y23="A"),0.9,IF(AND(#REF!="1",Y23="B"),0.7,IF(AND(#REF!="1",Y23="C"),0,IF(AND(#REF!="1",Y23="D"),0,IF(AND(#REF!="2",Y23="A"),1.2,IF(AND(#REF!="2",Y23="B"),1,IF(AND(#REF!="2",Y23="C"),0.1,IF(AND(#REF!="2",Y23="D"),0,IF(AND(#REF!="3",Y23="A"),1.3,IF(AND(#REF!="3",Y23="B"),1.1,IF(AND(#REF!="3",Y23="C"),0.3,IF(AND(#REF!="3",Y23="D"),0,IF(AND(#REF!="4",Y23="A"),1.5,IF(AND(#REF!="4",Y23="B"),1.3,IF(AND(#REF!="4",Y23="C"),0.4,IF(AND(#REF!="4",Y23="D"),0,IF(AND(#REF!="5",Y23="A"),1.6,IF(AND(#REF!="5",Y23="B"),1.4,IF(AND(#REF!="5",Y23="C"),0.5,IF(AND(#REF!="5",Y23="D"),0,)))))))))))))))))))) -> #REF! | AC23: =IFERROR(VLOOKUP(Y23,Data!$G$65:$L$69,2,0) *X23,"") | AD23: =SUM(AC23) -> 0 | AE23: ='DL 1'!F24 -> 0 | AF23: =IFERROR(VLOOKUP(Y23,Data!$G$65:$K$79,4,0),"") | AG23: =#REF! -> #REF! | AK23: =IF(G23<1,0,IF(G23<12000000,1,IF(AND(G23>=12000000,G23<25000000),2,IF(AND(G23>=25000000,G23<50000000),3,IF(AND(G23>=50000000),4,))))) -> 0 | AL23: =IF(AND(S23<12,Y23="A"),0.9,IF(AND(S23<12,Y23="B"),0.7,IF(AND(S23<12,Y23="C"),0,IF(AND(S23<12,Y23="D"),0,IF(AND(S23>=12,S23<15,Y23="A"),1.2,IF(AND(S23>=12,S23<15,Y23="B"),1,IF(AND(S23>=12,S23<15,Y23="C"),0.1,IF(AND(S23>=12,S23<15,Y23="D"),0,IF(AND(S23>=15,S23<18,Y23="A"),1.3,IF(AND(S23>=15,S23<18,Y23="B"),1.1,IF(AND(S23>=15,S23<18,Y23="C"),0.3,IF(AND(S23>=15,S23<18,Y23="D"),0,IF(AND(S23>=18,S23<24,Y23="A"),1.5,IF(AND(S23>=18,S23<24,Y23="B"),1.3,IF(AND(S23>=18,S23<24,Y23="C"),0.4,IF(AND(S23>=18,S23<24,Y23="D"),0,IF(AND(S23>=24,Y23="A"),1.6,IF(AND(S23>=24,Y23="B"),1.4,IF(AND(S23>=24,Y23="C"),0.5,IF(AND(S23>=24,Y23="D"),0,)))))))))))))))))))) -> 0 | AM23: =X23*(AL23/100) -> 0 | AN23: =Q23 -> FALSE
A24: =IF(D24="A",_xlfn.IFNA(INDEX(Data!$H$24:$J$28,MATCH('DL 1'!E25,Data!$G$24:$G$28,1),MATCH('DL 1'!D25,Data!$H$23:$J$23,1)),0),0) -> 0 | B24: =IF('DL 1'!F25="Y",Q24,0) -> 0 | C24: =_xlfn.IFNA(INDEX(Data!$H$24:$J$28,MATCH(#REF!,Data!$G$24:$G$28,1),MATCH(#REF!,Data!$H$23:$J$23,1)),0) -> #REF! | D24: =RIGHT(TRIM('DL 1'!G25),1) | E24: ='DL 1'!E25*'DL 1'!D25 -> 0 | F24: =_xlfn.IFNA(VLOOKUP(TRIM('DL 1'!G25),Data!$A:$C,3,0),"") | G24: ='DL 1'!E25 -> 0 | H24: =_xlfn.IFNA(VLOOKUP(TRIM('DL 1'!G25),Data!$A:$D,4,0),0) -> 0 | I24: =_xlfn.IFNA(INDEX(Data!$G$5:$K$10,MATCH('DL 1'!D25,Data!$F$5:$F$10,1),MATCH(_xlfn.SINGLE(#REF!),Data!$G$4:$K$4,1)),0) -> 0 | J24: =_xlfn.IFNA(IF(VLOOKUP(TRIM('DL 1'!G25),Data!$A:$C,3,0)="ST1",H24*I24*G24,IF(VLOOKUP(TRIM('DL 1'!G25),Data!$A:$C,3,0)="IR0",H24*G24,MIN(H24:I24)*G24)),0) -> 0 | K24: =_xlfn.IFNA(VLOOKUP(TRIM(#REF!),Data!$A:$D,4,0)*#REF!,0) -> #REF! | L24: =IF(TRIM('DL 1'!G25)="EDCLNHT0IRNLI",20000,0) -> 0 | M24: =IF(ISERROR(MATCH('DL 1'!A25,#REF!,0)),0,J24*2) -> 0 | N24: =#REF! -> #REF! | O24: =_xlfn.IFNA(VLOOKUP(RIGHT(VLOOKUP(TRIM('DL 1'!G25),Data!$A:$B,2,0),1),Data!$L$23:$M$30,2,0),0) -> 0 | P24: =IF(G24<1,0,IF(G24<12000000,1,IF(AND(G24>=12000000,G24<25000000),2,IF(AND(G24>=25000000,G24<50000000),3,IF(AND(G24>=50000000),4,))))) -> 0 | Q24: =IF(AND(P24=1,S24<15),10000,IF(AND(P24=1,S24>=15,S24<18),15000,IF(AND(P24=1,S24>=18),20000,(IF(AND(P24=2,S24<15),18000,IF(AND(P24=2,S24>=15,S24<18),23000,IF(AND(P24=2,S24>=18),28000,IF(AND(P24=3,S24<15),26000,IF(AND(P24=3,S24>=15,S24<18),31000,IF(AND(P24=3,S24>=18),36000,IF(AND(P24=4,S24<15),34000,IF(AND(P24=4,S24>=15,S24<18),39000,IF(AND(P24=4,S24>=18),44000))))))))))))) -> FALSE | R24: =INCENTIVE!$E$8 -> 130000000 | S24: ='DL 1'!D25 -> 0 | T24: =(IF(S24>=24,"5",IF(S24>=18,"4",IF(S24>=15,"3",IF(S24>=12,"2","1"))))) -> 1 | V24: =(IF(S24>=12,"6",IF(S24>=9,"5",IF(S24>=8,"4",IF(S24>=7,"3",IF(S24=6,"2","1")))))) -> 1 | W24: =IF(AND(V24="6",R24>=7.7),115%,IF(AND(V24="6",R24>=7.5),105%,IF(AND(V24="6",R24>=7.3),100%,IF(AND(V24="6",R24>=7),100%,IF(AND(V24="6",R24<7),100%,IF(AND(V24="5",R24>=7.7),110%,IF(AND(V24="5",R24>=7.5),100%,IF(AND(V24="5",R24>=7.3),100%,IF(AND(V24="5",R24>=7),100%,IF(AND(V24="5",R24<7),100%,IF(AND(V24="4",R24>=7.7),105%,IF(AND(V24="4",R24>=7.5),100%,IF(AND(V24="4",R24>=7.3),95%,IF(AND(V24="4",R24>=7),90%,IF(AND(V24="4",R24<7),80%,IF(AND(V24="3",R24>=7.7),100%,IF(AND(V24="3",R24>=7.5),90%,IF(AND(V24="3",R24>=7.3),80%,IF(AND(V24="3",R24>=7),70%,IF(AND(V24="3",R24<7),60%,IF(AND(V24="2",R24>=7.7),60%,IF(AND(V24="2",R24>=7.5),50%,IF(AND(V24="2",R24>=7.3),35%,IF(AND(V24="2",R24>=7),35%,IF(AND(V24="2",R24<7),25%,25%))))))))))))))))))))))))) -> 0.25 | X24: ='DL 1'!E25 -> 0 | Y24: ='DL 1'!G25 -> 0 | Z24: =IF(AND(#REF!="1",Y24="A"),0.9,IF(AND(#REF!="1",Y24="B"),0.7,IF(AND(#REF!="1",Y24="C"),0,IF(AND(#REF!="1",Y24="D"),0,IF(AND(#REF!="2",Y24="A"),1.2,IF(AND(#REF!="2",Y24="B"),1,IF(AND(#REF!="2",Y24="C"),0.1,IF(AND(#REF!="2",Y24="D"),0,IF(AND(#REF!="3",Y24="A"),1.3,IF(AND(#REF!="3",Y24="B"),1.1,IF(AND(#REF!="3",Y24="C"),0.3,IF(AND(#REF!="3",Y24="D"),0,IF(AND(#REF!="4",Y24="A"),1.5,IF(AND(#REF!="4",Y24="B"),1.3,IF(AND(#REF!="4",Y24="C"),0.4,IF(AND(#REF!="4",Y24="D"),0,IF(AND(#REF!="5",Y24="A"),1.6,IF(AND(#REF!="5",Y24="B"),1.4,IF(AND(#REF!="5",Y24="C"),0.5,IF(AND(#REF!="5",Y24="D"),0,)))))))))))))))))))) -> #REF! | AC24: =IFERROR(VLOOKUP(Y24,Data!$G$65:$L$69,2,0) *X24,"") | AD24: =SUM(AC24) -> 0 | AE24: ='DL 1'!F25 -> 0 | AF24: =IFERROR(VLOOKUP(Y24,Data!$G$65:$K$79,4,0),"") | AG24: =#REF! -> #REF! | AK24: =IF(G24<1,0,IF(G24<12000000,1,IF(AND(G24>=12000000,G24<25000000),2,IF(AND(G24>=25000000,G24<50000000),3,IF(AND(G24>=50000000),4,))))) -> 0 | AL24: =IF(AND(S24<12,Y24="A"),0.9,IF(AND(S24<12,Y24="B"),0.7,IF(AND(S24<12,Y24="C"),0,IF(AND(S24<12,Y24="D"),0,IF(AND(S24>=12,S24<15,Y24="A"),1.2,IF(AND(S24>=12,S24<15,Y24="B"),1,IF(AND(S24>=12,S24<15,Y24="C"),0.1,IF(AND(S24>=12,S24<15,Y24="D"),0,IF(AND(S24>=15,S24<18,Y24="A"),1.3,IF(AND(S24>=15,S24<18,Y24="B"),1.1,IF(AND(S24>=15,S24<18,Y24="C"),0.3,IF(AND(S24>=15,S24<18,Y24="D"),0,IF(AND(S24>=18,S24<24,Y24="A"),1.5,IF(AND(S24>=18,S24<24,Y24="B"),1.3,IF(AND(S24>=18,S24<24,Y24="C"),0.4,IF(AND(S24>=18,S24<24,Y24="D"),0,IF(AND(S24>=24,Y24="A"),1.6,IF(AND(S24>=24,Y24="B"),1.4,IF(AND(S24>=24,Y24="C"),0.5,IF(AND(S24>=24,Y24="D"),0,)))))))))))))))))))) -> 0 | AM24: =X24*(AL24/100) -> 0 | AN24: =Q24 -> FALSE
A25: =IF(D25="A",_xlfn.IFNA(INDEX(Data!$H$24:$J$28,MATCH('DL 1'!E26,Data!$G$24:$G$28,1),MATCH('DL 1'!D26,Data!$H$23:$J$23,1)),0),0) -> 0 | B25: =IF('DL 1'!F26="Y",Q25,0) -> 0 | C25: =_xlfn.IFNA(INDEX(Data!$H$24:$J$28,MATCH(#REF!,Data!$G$24:$G$28,1),MATCH(#REF!,Data!$H$23:$J$23,1)),0) -> #REF! | D25: =RIGHT(TRIM('DL 1'!G26),1) | E25: ='DL 1'!E26*'DL 1'!D26 -> 0 | F25: =_xlfn.IFNA(VLOOKUP(TRIM('DL 1'!G26),Data!$A:$C,3,0),"") | G25: ='DL 1'!E26 -> 0 | H25: =_xlfn.IFNA(VLOOKUP(TRIM('DL 1'!G26),Data!$A:$D,4,0),0) -> 0 | I25: =_xlfn.IFNA(INDEX(Data!$G$5:$K$10,MATCH('DL 1'!D26,Data!$F$5:$F$10,1),MATCH(_xlfn.SINGLE(#REF!),Data!$G$4:$K$4,1)),0) -> 0 | J25: =_xlfn.IFNA(IF(VLOOKUP(TRIM('DL 1'!G26),Data!$A:$C,3,0)="ST1",H25*I25*G25,IF(VLOOKUP(TRIM('DL 1'!G26),Data!$A:$C,3,0)="IR0",H25*G25,MIN(H25:I25)*G25)),0) -> 0 | K25: =_xlfn.IFNA(VLOOKUP(TRIM(#REF!),Data!$A:$D,4,0)*#REF!,0) -> #REF! | L25: =IF(TRIM('DL 1'!G26)="EDCLNHT0IRNLI",20000,0) -> 0 | M25: =IF(ISERROR(MATCH('DL 1'!A26,#REF!,0)),0,J25*2) -> 0 | N25: =#REF! -> #REF! | O25: =_xlfn.IFNA(VLOOKUP(RIGHT(VLOOKUP(TRIM('DL 1'!G26),Data!$A:$B,2,0),1),Data!$L$23:$M$30,2,0),0) -> 0 | P25: =IF(G25<1,0,IF(G25<12000000,1,IF(AND(G25>=12000000,G25<25000000),2,IF(AND(G25>=25000000,G25<50000000),3,IF(AND(G25>=50000000),4,))))) -> 0 | Q25: =IF(AND(P25=1,S25<15),10000,IF(AND(P25=1,S25>=15,S25<18),15000,IF(AND(P25=1,S25>=18),20000,(IF(AND(P25=2,S25<15),18000,IF(AND(P25=2,S25>=15,S25<18),23000,IF(AND(P25=2,S25>=18),28000,IF(AND(P25=3,S25<15),26000,IF(AND(P25=3,S25>=15,S25<18),31000,IF(AND(P25=3,S25>=18),36000,IF(AND(P25=4,S25<15),34000,IF(AND(P25=4,S25>=15,S25<18),39000,IF(AND(P25=4,S25>=18),44000))))))))))))) -> FALSE | R25: =INCENTIVE!$E$8 -> 130000000 | S25: ='DL 1'!D26 -> 0 | T25: =(IF(S25>=24,"5",IF(S25>=18,"4",IF(S25>=15,"3",IF(S25>=12,"2","1"))))) -> 1 | V25: =(IF(S25>=12,"6",IF(S25>=9,"5",IF(S25>=8,"4",IF(S25>=7,"3",IF(S25=6,"2","1")))))) -> 1 | W25: =IF(AND(V25="6",R25>=7.7),115%,IF(AND(V25="6",R25>=7.5),105%,IF(AND(V25="6",R25>=7.3),100%,IF(AND(V25="6",R25>=7),100%,IF(AND(V25="6",R25<7),100%,IF(AND(V25="5",R25>=7.7),110%,IF(AND(V25="5",R25>=7.5),100%,IF(AND(V25="5",R25>=7.3),100%,IF(AND(V25="5",R25>=7),100%,IF(AND(V25="5",R25<7),100%,IF(AND(V25="4",R25>=7.7),105%,IF(AND(V25="4",R25>=7.5),100%,IF(AND(V25="4",R25>=7.3),95%,IF(AND(V25="4",R25>=7),90%,IF(AND(V25="4",R25<7),80%,IF(AND(V25="3",R25>=7.7),100%,IF(AND(V25="3",R25>=7.5),90%,IF(AND(V25="3",R25>=7.3),80%,IF(AND(V25="3",R25>=7),70%,IF(AND(V25="3",R25<7),60%,IF(AND(V25="2",R25>=7.7),60%,IF(AND(V25="2",R25>=7.5),50%,IF(AND(V25="2",R25>=7.3),35%,IF(AND(V25="2",R25>=7),35%,IF(AND(V25="2",R25<7),25%,25%))))))))))))))))))))))))) -> 0.25 | X25: ='DL 1'!E26 -> 0 | Y25: ='DL 1'!G26 -> 0 | Z25: =IF(AND(#REF!="1",Y25="A"),0.9,IF(AND(#REF!="1",Y25="B"),0.7,IF(AND(#REF!="1",Y25="C"),0,IF(AND(#REF!="1",Y25="D"),0,IF(AND(#REF!="2",Y25="A"),1.2,IF(AND(#REF!="2",Y25="B"),1,IF(AND(#REF!="2",Y25="C"),0.1,IF(AND(#REF!="2",Y25="D"),0,IF(AND(#REF!="3",Y25="A"),1.3,IF(AND(#REF!="3",Y25="B"),1.1,IF(AND(#REF!="3",Y25="C"),0.3,IF(AND(#REF!="3",Y25="D"),0,IF(AND(#REF!="4",Y25="A"),1.5,IF(AND(#REF!="4",Y25="B"),1.3,IF(AND(#REF!="4",Y25="C"),0.4,IF(AND(#REF!="4",Y25="D"),0,IF(AND(#REF!="5",Y25="A"),1.6,IF(AND(#REF!="5",Y25="B"),1.4,IF(AND(#REF!="5",Y25="C"),0.5,IF(AND(#REF!="5",Y25="D"),0,)))))))))))))))))))) -> #REF! | AC25: =IFERROR(VLOOKUP(Y25,Data!$G$65:$L$69,2,0) *X25,"") | AD25: =SUM(AC25) -> 0 | AE25: ='DL 1'!F26 -> 0 | AF25: =IFERROR(VLOOKUP(Y25,Data!$G$65:$K$79,4,0),"") | AG25: =#REF! -> #REF! | AK25: =IF(G25<1,0,IF(G25<12000000,1,IF(AND(G25>=12000000,G25<25000000),2,IF(AND(G25>=25000000,G25<50000000),3,IF(AND(G25>=50000000),4,))))) -> 0 | AL25: =IF(AND(S25<12,Y25="A"),0.9,IF(AND(S25<12,Y25="B"),0.7,IF(AND(S25<12,Y25="C"),0,IF(AND(S25<12,Y25="D"),0,IF(AND(S25>=12,S25<15,Y25="A"),1.2,IF(AND(S25>=12,S25<15,Y25="B"),1,IF(AND(S25>=12,S25<15,Y25="C"),0.1,IF(AND(S25>=12,S25<15,Y25="D"),0,IF(AND(S25>=15,S25<18,Y25="A"),1.3,IF(AND(S25>=15,S25<18,Y25="B"),1.1,IF(AND(S25>=15,S25<18,Y25="C"),0.3,IF(AND(S25>=15,S25<18,Y25="D"),0,IF(AND(S25>=18,S25<24,Y25="A"),1.5,IF(AND(S25>=18,S25<24,Y25="B"),1.3,IF(AND(S25>=18,S25<24,Y25="C"),0.4,IF(AND(S25>=18,S25<24,Y25="D"),0,IF(AND(S25>=24,Y25="A"),1.6,IF(AND(S25>=24,Y25="B"),1.4,IF(AND(S25>=24,Y25="C"),0.5,IF(AND(S25>=24,Y25="D"),0,)))))))))))))))))))) -> 0 | AM25: =X25*(AL25/100) -> 0 | AN25: =Q25 -> FALSE
A26: =IF(D26="A",_xlfn.IFNA(INDEX(Data!$H$24:$J$28,MATCH('DL 1'!E27,Data!$G$24:$G$28,1),MATCH('DL 1'!D27,Data!$H$23:$J$23,1)),0),0) -> 0 | B26: =IF('DL 1'!F27="Y",Q26,0) -> 0 | C26: =_xlfn.IFNA(INDEX(Data!$H$24:$J$28,MATCH(#REF!,Data!$G$24:$G$28,1),MATCH(#REF!,Data!$H$23:$J$23,1)),0) -> #REF! | D26: =RIGHT(TRIM('DL 1'!G27),1) | E26: ='DL 1'!E27*'DL 1'!D27 -> 0 | F26: =_xlfn.IFNA(VLOOKUP(TRIM('DL 1'!G27),Data!$A:$C,3,0),"") | G26: ='DL 1'!E27 -> 0 | H26: =_xlfn.IFNA(VLOOKUP(TRIM('DL 1'!G27),Data!$A:$D,4,0),0) -> 0 | I26: =_xlfn.IFNA(INDEX(Data!$G$5:$K$10,MATCH('DL 1'!D27,Data!$F$5:$F$10,1),MATCH(_xlfn.SINGLE(#REF!),Data!$G$4:$K$4,1)),0) -> 0 | J26: =_xlfn.IFNA(IF(VLOOKUP(TRIM('DL 1'!G27),Data!$A:$C,3,0)="ST1",H26*I26*G26,IF(VLOOKUP(TRIM('DL 1'!G27),Data!$A:$C,3,0)="IR0",H26*G26,MIN(H26:I26)*G26)),0) -> 0 | K26: =_xlfn.IFNA(VLOOKUP(TRIM(#REF!),Data!$A:$D,4,0)*#REF!,0) -> #REF! | L26: =IF(TRIM('DL 1'!G27)="EDCLNHT0IRNLI",20000,0) -> 0 | M26: =IF(ISERROR(MATCH('DL 1'!A27,#REF!,0)),0,J26*2) -> 0 | N26: =#REF! -> #REF! | O26: =_xlfn.IFNA(VLOOKUP(RIGHT(VLOOKUP(TRIM('DL 1'!G27),Data!$A:$B,2,0),1),Data!$L$23:$M$30,2,0),0) -> 0 | P26: =IF(G26<1,0,IF(G26<12000000,1,IF(AND(G26>=12000000,G26<25000000),2,IF(AND(G26>=25000000,G26<50000000),3,IF(AND(G26>=50000000),4,))))) -> 0 | Q26: =IF(AND(P26=1,S26<15),10000,IF(AND(P26=1,S26>=15,S26<18),15000,IF(AND(P26=1,S26>=18),20000,(IF(AND(P26=2,S26<15),18000,IF(AND(P26=2,S26>=15,S26<18),23000,IF(AND(P26=2,S26>=18),28000,IF(AND(P26=3,S26<15),26000,IF(AND(P26=3,S26>=15,S26<18),31000,IF(AND(P26=3,S26>=18),36000,IF(AND(P26=4,S26<15),34000,IF(AND(P26=4,S26>=15,S26<18),39000,IF(AND(P26=4,S26>=18),44000))))))))))))) -> FALSE | R26: =INCENTIVE!$E$8 -> 130000000 | S26: ='DL 1'!D27 -> 0 | T26: =(IF(S26>=24,"5",IF(S26>=18,"4",IF(S26>=15,"3",IF(S26>=12,"2","1"))))) -> 1 | V26: =(IF(S26>=12,"6",IF(S26>=9,"5",IF(S26>=8,"4",IF(S26>=7,"3",IF(S26=6,"2","1")))))) -> 1 | W26: =IF(AND(V26="6",R26>=7.7),115%,IF(AND(V26="6",R26>=7.5),105%,IF(AND(V26="6",R26>=7.3),100%,IF(AND(V26="6",R26>=7),100%,IF(AND(V26="6",R26<7),100%,IF(AND(V26="5",R26>=7.7),110%,IF(AND(V26="5",R26>=7.5),100%,IF(AND(V26="5",R26>=7.3),100%,IF(AND(V26="5",R26>=7),100%,IF(AND(V26="5",R26<7),100%,IF(AND(V26="4",R26>=7.7),105%,IF(AND(V26="4",R26>=7.5),100%,IF(AND(V26="4",R26>=7.3),95%,IF(AND(V26="4",R26>=7),90%,IF(AND(V26="4",R26<7),80%,IF(AND(V26="3",R26>=7.7),100%,IF(AND(V26="3",R26>=7.5),90%,IF(AND(V26="3",R26>=7.3),80%,IF(AND(V26="3",R26>=7),70%,IF(AND(V26="3",R26<7),60%,IF(AND(V26="2",R26>=7.7),60%,IF(AND(V26="2",R26>=7.5),50%,IF(AND(V26="2",R26>=7.3),35%,IF(AND(V26="2",R26>=7),35%,IF(AND(V26="2",R26<7),25%,25%))))))))))))))))))))))))) -> 0.25 | X26: ='DL 1'!E27 -> 0 | Y26: ='DL 1'!G27 -> 0 | Z26: =IF(AND(#REF!="1",Y26="A"),0.9,IF(AND(#REF!="1",Y26="B"),0.7,IF(AND(#REF!="1",Y26="C"),0,IF(AND(#REF!="1",Y26="D"),0,IF(AND(#REF!="2",Y26="A"),1.2,IF(AND(#REF!="2",Y26="B"),1,IF(AND(#REF!="2",Y26="C"),0.1,IF(AND(#REF!="2",Y26="D"),0,IF(AND(#REF!="3",Y26="A"),1.3,IF(AND(#REF!="3",Y26="B"),1.1,IF(AND(#REF!="3",Y26="C"),0.3,IF(AND(#REF!="3",Y26="D"),0,IF(AND(#REF!="4",Y26="A"),1.5,IF(AND(#REF!="4",Y26="B"),1.3,IF(AND(#REF!="4",Y26="C"),0.4,IF(AND(#REF!="4",Y26="D"),0,IF(AND(#REF!="5",Y26="A"),1.6,IF(AND(#REF!="5",Y26="B"),1.4,IF(AND(#REF!="5",Y26="C"),0.5,IF(AND(#REF!="5",Y26="D"),0,)))))))))))))))))))) -> #REF! | AC26: =IFERROR(VLOOKUP(Y26,Data!$G$65:$L$69,2,0) *X26,"") | AD26: =SUM(AC26) -> 0 | AE26: ='DL 1'!F27 -> 0 | AF26: =IFERROR(VLOOKUP(Y26,Data!$G$65:$K$79,4,0),"") | AG26: =#REF! -> #REF! | AK26: =IF(G26<1,0,IF(G26<12000000,1,IF(AND(G26>=12000000,G26<25000000),2,IF(AND(G26>=25000000,G26<50000000),3,IF(AND(G26>=50000000),4,))))) -> 0 | AL26: =IF(AND(S26<12,Y26="A"),0.9,IF(AND(S26<12,Y26="B"),0.7,IF(AND(S26<12,Y26="C"),0,IF(AND(S26<12,Y26="D"),0,IF(AND(S26>=12,S26<15,Y26="A"),1.2,IF(AND(S26>=12,S26<15,Y26="B"),1,IF(AND(S26>=12,S26<15,Y26="C"),0.1,IF(AND(S26>=12,S26<15,Y26="D"),0,IF(AND(S26>=15,S26<18,Y26="A"),1.3,IF(AND(S26>=15,S26<18,Y26="B"),1.1,IF(AND(S26>=15,S26<18,Y26="C"),0.3,IF(AND(S26>=15,S26<18,Y26="D"),0,IF(AND(S26>=18,S26<24,Y26="A"),1.5,IF(AND(S26>=18,S26<24,Y26="B"),1.3,IF(AND(S26>=18,S26<24,Y26="C"),0.4,IF(AND(S26>=18,S26<24,Y26="D"),0,IF(AND(S26>=24,Y26="A"),1.6,IF(AND(S26>=24,Y26="B"),1.4,IF(AND(S26>=24,Y26="C"),0.5,IF(AND(S26>=24,Y26="D"),0,)))))))))))))))))))) -> 0 | AM26: =X26*(AL26/100) -> 0 | AN26: =Q26 -> FALSE
A27: =IF(D27="A",_xlfn.IFNA(INDEX(Data!$H$24:$J$28,MATCH('DL 1'!E28,Data!$G$24:$G$28,1),MATCH('DL 1'!D28,Data!$H$23:$J$23,1)),0),0) -> 0 | B27: =IF('DL 1'!F28="Y",Q27,0) -> 0 | C27: =_xlfn.IFNA(INDEX(Data!$H$24:$J$28,MATCH(#REF!,Data!$G$24:$G$28,1),MATCH(#REF!,Data!$H$23:$J$23,1)),0) -> #REF! | D27: =RIGHT(TRIM('DL 1'!G28),1) | E27: ='DL 1'!E28*'DL 1'!D28 -> 0 | F27: =_xlfn.IFNA(VLOOKUP(TRIM('DL 1'!G28),Data!$A:$C,3,0),"") | G27: ='DL 1'!E28 -> 0 | H27: =_xlfn.IFNA(VLOOKUP(TRIM('DL 1'!G28),Data!$A:$D,4,0),0) -> 0 | I27: =_xlfn.IFNA(INDEX(Data!$G$5:$K$10,MATCH('DL 1'!D28,Data!$F$5:$F$10,1),MATCH(_xlfn.SINGLE(#REF!),Data!$G$4:$K$4,1)),0) -> 0 | J27: =_xlfn.IFNA(IF(VLOOKUP(TRIM('DL 1'!G28),Data!$A:$C,3,0)="ST1",H27*I27*G27,IF(VLOOKUP(TRIM('DL 1'!G28),Data!$A:$C,3,0)="IR0",H27*G27,MIN(H27:I27)*G27)),0) -> 0 | K27: =_xlfn.IFNA(VLOOKUP(TRIM(#REF!),Data!$A:$D,4,0)*#REF!,0) -> #REF! | L27: =IF(TRIM('DL 1'!G28)="EDCLNHT0IRNLI",20000,0) -> 0 | M27: =IF(ISERROR(MATCH('DL 1'!A28,#REF!,0)),0,J27*2) -> 0 | N27: =#REF! -> #REF! | O27: =_xlfn.IFNA(VLOOKUP(RIGHT(VLOOKUP(TRIM('DL 1'!G28),Data!$A:$B,2,0),1),Data!$L$23:$M$30,2,0),0) -> 0 | P27: =IF(G27<1,0,IF(G27<12000000,1,IF(AND(G27>=12000000,G27<25000000),2,IF(AND(G27>=25000000,G27<50000000),3,IF(AND(G27>=50000000),4,))))) -> 0 | Q27: =IF(AND(P27=1,S27<15),10000,IF(AND(P27=1,S27>=15,S27<18),15000,IF(AND(P27=1,S27>=18),20000,(IF(AND(P27=2,S27<15),18000,IF(AND(P27=2,S27>=15,S27<18),23000,IF(AND(P27=2,S27>=18),28000,IF(AND(P27=3,S27<15),26000,IF(AND(P27=3,S27>=15,S27<18),31000,IF(AND(P27=3,S27>=18),36000,IF(AND(P27=4,S27<15),34000,IF(AND(P27=4,S27>=15,S27<18),39000,IF(AND(P27=4,S27>=18),44000))))))))))))) -> FALSE | R27: =INCENTIVE!$E$8 -> 130000000 | S27: ='DL 1'!D28 -> 0 | T27: =(IF(S27>=24,"5",IF(S27>=18,"4",IF(S27>=15,"3",IF(S27>=12,"2","1"))))) -> 1 | V27: =(IF(S27>=12,"6",IF(S27>=9,"5",IF(S27>=8,"4",IF(S27>=7,"3",IF(S27=6,"2","1")))))) -> 1 | W27: =IF(AND(V27="6",R27>=7.7),115%,IF(AND(V27="6",R27>=7.5),105%,IF(AND(V27="6",R27>=7.3),100%,IF(AND(V27="6",R27>=7),100%,IF(AND(V27="6",R27<7),100%,IF(AND(V27="5",R27>=7.7),110%,IF(AND(V27="5",R27>=7.5),100%,IF(AND(V27="5",R27>=7.3),100%,IF(AND(V27="5",R27>=7),100%,IF(AND(V27="5",R27<7),100%,IF(AND(V27="4",R27>=7.7),105%,IF(AND(V27="4",R27>=7.5),100%,IF(AND(V27="4",R27>=7.3),95%,IF(AND(V27="4",R27>=7),90%,IF(AND(V27="4",R27<7),80%,IF(AND(V27="3",R27>=7.7),100%,IF(AND(V27="3",R27>=7.5),90%,IF(AND(V27="3",R27>=7.3),80%,IF(AND(V27="3",R27>=7),70%,IF(AND(V27="3",R27<7),60%,IF(AND(V27="2",R27>=7.7),60%,IF(AND(V27="2",R27>=7.5),50%,IF(AND(V27="2",R27>=7.3),35%,IF(AND(V27="2",R27>=7),35%,IF(AND(V27="2",R27<7),25%,25%))))))))))))))))))))))))) -> 0.25 | X27: ='DL 1'!E28 -> 0 | Y27: ='DL 1'!G28 -> 0 | Z27: =IF(AND(#REF!="1",Y27="A"),0.9,IF(AND(#REF!="1",Y27="B"),0.7,IF(AND(#REF!="1",Y27="C"),0,IF(AND(#REF!="1",Y27="D"),0,IF(AND(#REF!="2",Y27="A"),1.2,IF(AND(#REF!="2",Y27="B"),1,IF(AND(#REF!="2",Y27="C"),0.1,IF(AND(#REF!="2",Y27="D"),0,IF(AND(#REF!="3",Y27="A"),1.3,IF(AND(#REF!="3",Y27="B"),1.1,IF(AND(#REF!="3",Y27="C"),0.3,IF(AND(#REF!="3",Y27="D"),0,IF(AND(#REF!="4",Y27="A"),1.5,IF(AND(#REF!="4",Y27="B"),1.3,IF(AND(#REF!="4",Y27="C"),0.4,IF(AND(#REF!="4",Y27="D"),0,IF(AND(#REF!="5",Y27="A"),1.6,IF(AND(#REF!="5",Y27="B"),1.4,IF(AND(#REF!="5",Y27="C"),0.5,IF(AND(#REF!="5",Y27="D"),0,)))))))))))))))))))) -> #REF! | AC27: =IFERROR(VLOOKUP(Y27,Data!$G$65:$L$69,2,0) *X27,"") | AD27: =SUM(AC27) -> 0 | AE27: ='DL 1'!F28 -> 0 | AF27: =IFERROR(VLOOKUP(Y27,Data!$G$65:$K$79,4,0),"") | AG27: =#REF! -> #REF! | AK27: =IF(G27<1,0,IF(G27<12000000,1,IF(AND(G27>=12000000,G27<25000000),2,IF(AND(G27>=25000000,G27<50000000),3,IF(AND(G27>=50000000),4,))))) -> 0 | AL27: =IF(AND(S27<12,Y27="A"),0.9,IF(AND(S27<12,Y27="B"),0.7,IF(AND(S27<12,Y27="C"),0,IF(AND(S27<12,Y27="D"),0,IF(AND(S27>=12,S27<15,Y27="A"),1.2,IF(AND(S27>=12,S27<15,Y27="B"),1,IF(AND(S27>=12,S27<15,Y27="C"),0.1,IF(AND(S27>=12,S27<15,Y27="D"),0,IF(AND(S27>=15,S27<18,Y27="A"),1.3,IF(AND(S27>=15,S27<18,Y27="B"),1.1,IF(AND(S27>=15,S27<18,Y27="C"),0.3,IF(AND(S27>=15,S27<18,Y27="D"),0,IF(AND(S27>=18,S27<24,Y27="A"),1.5,IF(AND(S27>=18,S27<24,Y27="B"),1.3,IF(AND(S27>=18,S27<24,Y27="C"),0.4,IF(AND(S27>=18,S27<24,Y27="D"),0,IF(AND(S27>=24,Y27="A"),1.6,IF(AND(S27>=24,Y27="B"),1.4,IF(AND(S27>=24,Y27="C"),0.5,IF(AND(S27>=24,Y27="D"),0,)))))))))))))))))))) -> 0 | AM27: =X27*(AL27/100) -> 0 | AN27: =Q27 -> FALSE
A28: =IF(D28="A",_xlfn.IFNA(INDEX(Data!$H$24:$J$28,MATCH('DL 1'!E29,Data!$G$24:$G$28,1),MATCH('DL 1'!D29,Data!$H$23:$J$23,1)),0),0) -> 0 | B28: =IF('DL 1'!F29="Y",Q28,0) -> 0 | C28: =_xlfn.IFNA(INDEX(Data!$H$24:$J$28,MATCH(#REF!,Data!$G$24:$G$28,1),MATCH(#REF!,Data!$H$23:$J$23,1)),0) -> #REF! | D28: =RIGHT(TRIM('DL 1'!G29),1) | E28: ='DL 1'!E29*'DL 1'!D29 -> 0 | F28: =_xlfn.IFNA(VLOOKUP(TRIM('DL 1'!G29),Data!$A:$C,3,0),"") | G28: ='DL 1'!E29 -> 0 | H28: =_xlfn.IFNA(VLOOKUP(TRIM('DL 1'!G29),Data!$A:$D,4,0),0) -> 0 | I28: =_xlfn.IFNA(INDEX(Data!$G$5:$K$10,MATCH('DL 1'!D29,Data!$F$5:$F$10,1),MATCH(_xlfn.SINGLE(#REF!),Data!$G$4:$K$4,1)),0) -> 0 | J28: =_xlfn.IFNA(IF(VLOOKUP(TRIM('DL 1'!G29),Data!$A:$C,3,0)="ST1",H28*I28*G28,IF(VLOOKUP(TRIM('DL 1'!G29),Data!$A:$C,3,0)="IR0",H28*G28,MIN(H28:I28)*G28)),0) -> 0 | K28: =_xlfn.IFNA(VLOOKUP(TRIM(#REF!),Data!$A:$D,4,0)*#REF!,0) -> #REF! | L28: =IF(TRIM('DL 1'!G29)="EDCLNHT0IRNLI",20000,0) -> 0 | M28: =IF(ISERROR(MATCH('DL 1'!A29,#REF!,0)),0,J28*2) -> 0 | N28: =#REF! -> #REF! | O28: =_xlfn.IFNA(VLOOKUP(RIGHT(VLOOKUP(TRIM('DL 1'!G29),Data!$A:$B,2,0),1),Data!$L$23:$M$30,2,0),0) -> 0 | P28: =IF(G28<1,0,IF(G28<12000000,1,IF(AND(G28>=12000000,G28<25000000),2,IF(AND(G28>=25000000,G28<50000000),3,IF(AND(G28>=50000000),4,))))) -> 0 | Q28: =IF(AND(P28=1,S28<15),10000,IF(AND(P28=1,S28>=15,S28<18),15000,IF(AND(P28=1,S28>=18),20000,(IF(AND(P28=2,S28<15),18000,IF(AND(P28=2,S28>=15,S28<18),23000,IF(AND(P28=2,S28>=18),28000,IF(AND(P28=3,S28<15),26000,IF(AND(P28=3,S28>=15,S28<18),31000,IF(AND(P28=3,S28>=18),36000,IF(AND(P28=4,S28<15),34000,IF(AND(P28=4,S28>=15,S28<18),39000,IF(AND(P28=4,S28>=18),44000))))))))))))) -> FALSE | R28: =INCENTIVE!$E$8 -> 130000000 | S28: ='DL 1'!D29 -> 0 | T28: =(IF(S28>=24,"5",IF(S28>=18,"4",IF(S28>=15,"3",IF(S28>=12,"2","1"))))) -> 1 | V28: =(IF(S28>=12,"6",IF(S28>=9,"5",IF(S28>=8,"4",IF(S28>=7,"3",IF(S28=6,"2","1")))))) -> 1 | W28: =IF(AND(V28="6",R28>=7.7),115%,IF(AND(V28="6",R28>=7.5),105%,IF(AND(V28="6",R28>=7.3),100%,IF(AND(V28="6",R28>=7),100%,IF(AND(V28="6",R28<7),100%,IF(AND(V28="5",R28>=7.7),110%,IF(AND(V28="5",R28>=7.5),100%,IF(AND(V28="5",R28>=7.3),100%,IF(AND(V28="5",R28>=7),100%,IF(AND(V28="5",R28<7),100%,IF(AND(V28="4",R28>=7.7),105%,IF(AND(V28="4",R28>=7.5),100%,IF(AND(V28="4",R28>=7.3),95%,IF(AND(V28="4",R28>=7),90%,IF(AND(V28="4",R28<7),80%,IF(AND(V28="3",R28>=7.7),100%,IF(AND(V28="3",R28>=7.5),90%,IF(AND(V28="3",R28>=7.3),80%,IF(AND(V28="3",R28>=7),70%,IF(AND(V28="3",R28<7),60%,IF(AND(V28="2",R28>=7.7),60%,IF(AND(V28="2",R28>=7.5),50%,IF(AND(V28="2",R28>=7.3),35%,IF(AND(V28="2",R28>=7),35%,IF(AND(V28="2",R28<7),25%,25%))))))))))))))))))))))))) -> 0.25 | X28: ='DL 1'!E29 -> 0 | Y28: ='DL 1'!G29 -> 0 | Z28: =IF(AND(#REF!="1",Y28="A"),0.9,IF(AND(#REF!="1",Y28="B"),0.7,IF(AND(#REF!="1",Y28="C"),0,IF(AND(#REF!="1",Y28="D"),0,IF(AND(#REF!="2",Y28="A"),1.2,IF(AND(#REF!="2",Y28="B"),1,IF(AND(#REF!="2",Y28="C"),0.1,IF(AND(#REF!="2",Y28="D"),0,IF(AND(#REF!="3",Y28="A"),1.3,IF(AND(#REF!="3",Y28="B"),1.1,IF(AND(#REF!="3",Y28="C"),0.3,IF(AND(#REF!="3",Y28="D"),0,IF(AND(#REF!="4",Y28="A"),1.5,IF(AND(#REF!="4",Y28="B"),1.3,IF(AND(#REF!="4",Y28="C"),0.4,IF(AND(#REF!="4",Y28="D"),0,IF(AND(#REF!="5",Y28="A"),1.6,IF(AND(#REF!="5",Y28="B"),1.4,IF(AND(#REF!="5",Y28="C"),0.5,IF(AND(#REF!="5",Y28="D"),0,)))))))))))))))))))) -> #REF! | AC28: =IFERROR(VLOOKUP(Y28,Data!$G$65:$L$69,2,0) *X28,"") | AD28: =SUM(AC28) -> 0 | AE28: ='DL 1'!F29 -> 0 | AF28: =IFERROR(VLOOKUP(Y28,Data!$G$65:$K$79,4,0),"") | AG28: =#REF! -> #REF! | AK28: =IF(G28<1,0,IF(G28<12000000,1,IF(AND(G28>=12000000,G28<25000000),2,IF(AND(G28>=25000000,G28<50000000),3,IF(AND(G28>=50000000),4,))))) -> 0 | AL28: =IF(AND(S28<12,Y28="A"),0.9,IF(AND(S28<12,Y28="B"),0.7,IF(AND(S28<12,Y28="C"),0,IF(AND(S28<12,Y28="D"),0,IF(AND(S28>=12,S28<15,Y28="A"),1.2,IF(AND(S28>=12,S28<15,Y28="B"),1,IF(AND(S28>=12,S28<15,Y28="C"),0.1,IF(AND(S28>=12,S28<15,Y28="D"),0,IF(AND(S28>=15,S28<18,Y28="A"),1.3,IF(AND(S28>=15,S28<18,Y28="B"),1.1,IF(AND(S28>=15,S28<18,Y28="C"),0.3,IF(AND(S28>=15,S28<18,Y28="D"),0,IF(AND(S28>=18,S28<24,Y28="A"),1.5,IF(AND(S28>=18,S28<24,Y28="B"),1.3,IF(AND(S28>=18,S28<24,Y28="C"),0.4,IF(AND(S28>=18,S28<24,Y28="D"),0,IF(AND(S28>=24,Y28="A"),1.6,IF(AND(S28>=24,Y28="B"),1.4,IF(AND(S28>=24,Y28="C"),0.5,IF(AND(S28>=24,Y28="D"),0,)))))))))))))))))))) -> 0 | AM28: =X28*(AL28/100) -> 0 | AN28: =Q28 -> FALSE
A29: =IF(D29="A",_xlfn.IFNA(INDEX(Data!$H$24:$J$28,MATCH('DL 1'!E30,Data!$G$24:$G$28,1),MATCH('DL 1'!D30,Data!$H$23:$J$23,1)),0),0) -> 0 | B29: =IF('DL 1'!F30="Y",Q29,0) -> 0 | C29: =_xlfn.IFNA(INDEX(Data!$H$24:$J$28,MATCH(#REF!,Data!$G$24:$G$28,1),MATCH(#REF!,Data!$H$23:$J$23,1)),0) -> #REF! | D29: =RIGHT(TRIM('DL 1'!G30),1) | E29: ='DL 1'!E30*'DL 1'!D30 -> 0 | F29: =_xlfn.IFNA(VLOOKUP(TRIM('DL 1'!G30),Data!$A:$C,3,0),"") | G29: ='DL 1'!E30 -> 0 | H29: =_xlfn.IFNA(VLOOKUP(TRIM('DL 1'!G30),Data!$A:$D,4,0),0) -> 0 | I29: =_xlfn.IFNA(INDEX(Data!$G$5:$K$10,MATCH('DL 1'!D30,Data!$F$5:$F$10,1),MATCH(_xlfn.SINGLE(#REF!),Data!$G$4:$K$4,1)),0) -> 0 | J29: =_xlfn.IFNA(IF(VLOOKUP(TRIM('DL 1'!G30),Data!$A:$C,3,0)="ST1",H29*I29*G29,IF(VLOOKUP(TRIM('DL 1'!G30),Data!$A:$C,3,0)="IR0",H29*G29,MIN(H29:I29)*G29)),0) -> 0 | K29: =_xlfn.IFNA(VLOOKUP(TRIM(#REF!),Data!$A:$D,4,0)*#REF!,0) -> #REF! | L29: =IF(TRIM('DL 1'!G30)="EDCLNHT0IRNLI",20000,0) -> 0 | M29: =IF(ISERROR(MATCH('DL 1'!A30,#REF!,0)),0,J29*2) -> 0 | N29: =#REF! -> #REF! | O29: =_xlfn.IFNA(VLOOKUP(RIGHT(VLOOKUP(TRIM('DL 1'!G30),Data!$A:$B,2,0),1),Data!$L$23:$M$30,2,0),0) -> 0 | P29: =IF(G29<1,0,IF(G29<12000000,1,IF(AND(G29>=12000000,G29<25000000),2,IF(AND(G29>=25000000,G29<50000000),3,IF(AND(G29>=50000000),4,))))) -> 0 | Q29: =IF(AND(P29=1,S29<15),10000,IF(AND(P29=1,S29>=15,S29<18),15000,IF(AND(P29=1,S29>=18),20000,(IF(AND(P29=2,S29<15),18000,IF(AND(P29=2,S29>=15,S29<18),23000,IF(AND(P29=2,S29>=18),28000,IF(AND(P29=3,S29<15),26000,IF(AND(P29=3,S29>=15,S29<18),31000,IF(AND(P29=3,S29>=18),36000,IF(AND(P29=4,S29<15),34000,IF(AND(P29=4,S29>=15,S29<18),39000,IF(AND(P29=4,S29>=18),44000))))))))))))) -> FALSE | R29: =INCENTIVE!$E$8 -> 130000000 | S29: ='DL 1'!D30 -> 0 | T29: =(IF(S29>=24,"5",IF(S29>=18,"4",IF(S29>=15,"3",IF(S29>=12,"2","1"))))) -> 1 | V29: =(IF(S29>=12,"6",IF(S29>=9,"5",IF(S29>=8,"4",IF(S29>=7,"3",IF(S29=6,"2","1")))))) -> 1 | W29: =IF(AND(V29="6",R29>=7.7),115%,IF(AND(V29="6",R29>=7.5),105%,IF(AND(V29="6",R29>=7.3),100%,IF(AND(V29="6",R29>=7),100%,IF(AND(V29="6",R29<7),100%,IF(AND(V29="5",R29>=7.7),110%,IF(AND(V29="5",R29>=7.5),100%,IF(AND(V29="5",R29>=7.3),100%,IF(AND(V29="5",R29>=7),100%,IF(AND(V29="5",R29<7),100%,IF(AND(V29="4",R29>=7.7),105%,IF(AND(V29="4",R29>=7.5),100%,IF(AND(V29="4",R29>=7.3),95%,IF(AND(V29="4",R29>=7),90%,IF(AND(V29="4",R29<7),80%,IF(AND(V29="3",R29>=7.7),100%,IF(AND(V29="3",R29>=7.5),90%,IF(AND(V29="3",R29>=7.3),80%,IF(AND(V29="3",R29>=7),70%,IF(AND(V29="3",R29<7),60%,IF(AND(V29="2",R29>=7.7),60%,IF(AND(V29="2",R29>=7.5),50%,IF(AND(V29="2",R29>=7.3),35%,IF(AND(V29="2",R29>=7),35%,IF(AND(V29="2",R29<7),25%,25%))))))))))))))))))))))))) -> 0.25 | X29: ='DL 1'!E30 -> 0 | Y29: ='DL 1'!G30 -> 0 | Z29: =IF(AND(#REF!="1",Y29="A"),0.9,IF(AND(#REF!="1",Y29="B"),0.7,IF(AND(#REF!="1",Y29="C"),0,IF(AND(#REF!="1",Y29="D"),0,IF(AND(#REF!="2",Y29="A"),1.2,IF(AND(#REF!="2",Y29="B"),1,IF(AND(#REF!="2",Y29="C"),0.1,IF(AND(#REF!="2",Y29="D"),0,IF(AND(#REF!="3",Y29="A"),1.3,IF(AND(#REF!="3",Y29="B"),1.1,IF(AND(#REF!="3",Y29="C"),0.3,IF(AND(#REF!="3",Y29="D"),0,IF(AND(#REF!="4",Y29="A"),1.5,IF(AND(#REF!="4",Y29="B"),1.3,IF(AND(#REF!="4",Y29="C"),0.4,IF(AND(#REF!="4",Y29="D"),0,IF(AND(#REF!="5",Y29="A"),1.6,IF(AND(#REF!="5",Y29="B"),1.4,IF(AND(#REF!="5",Y29="C"),0.5,IF(AND(#REF!="5",Y29="D"),0,)))))))))))))))))))) -> #REF! | AC29: =IFERROR(VLOOKUP(Y29,Data!$G$65:$L$69,2,0) *X29,"") | AD29: =SUM(AC29) -> 0 | AE29: ='DL 1'!F30 -> 0 | AF29: =IFERROR(VLOOKUP(Y29,Data!$G$65:$K$79,4,0),"") | AG29: =#REF! -> #REF! | AK29: =IF(G29<1,0,IF(G29<12000000,1,IF(AND(G29>=12000000,G29<25000000),2,IF(AND(G29>=25000000,G29<50000000),3,IF(AND(G29>=50000000),4,))))) -> 0 | AL29: =IF(AND(S29<12,Y29="A"),0.9,IF(AND(S29<12,Y29="B"),0.7,IF(AND(S29<12,Y29="C"),0,IF(AND(S29<12,Y29="D"),0,IF(AND(S29>=12,S29<15,Y29="A"),1.2,IF(AND(S29>=12,S29<15,Y29="B"),1,IF(AND(S29>=12,S29<15,Y29="C"),0.1,IF(AND(S29>=12,S29<15,Y29="D"),0,IF(AND(S29>=15,S29<18,Y29="A"),1.3,IF(AND(S29>=15,S29<18,Y29="B"),1.1,IF(AND(S29>=15,S29<18,Y29="C"),0.3,IF(AND(S29>=15,S29<18,Y29="D"),0,IF(AND(S29>=18,S29<24,Y29="A"),1.5,IF(AND(S29>=18,S29<24,Y29="B"),1.3,IF(AND(S29>=18,S29<24,Y29="C"),0.4,IF(AND(S29>=18,S29<24,Y29="D"),0,IF(AND(S29>=24,Y29="A"),1.6,IF(AND(S29>=24,Y29="B"),1.4,IF(AND(S29>=24,Y29="C"),0.5,IF(AND(S29>=24,Y29="D"),0,)))))))))))))))))))) -> 0 | AM29: =X29*(AL29/100) -> 0 | AN29: =Q29 -> FALSE
A30: =IF(D30="A",_xlfn.IFNA(INDEX(Data!$H$24:$J$28,MATCH('DL 1'!E31,Data!$G$24:$G$28,1),MATCH('DL 1'!D31,Data!$H$23:$J$23,1)),0),0) -> 0 | B30: =IF('DL 1'!F31="Y",Q30,0) -> 0 | C30: =_xlfn.IFNA(INDEX(Data!$H$24:$J$28,MATCH(#REF!,Data!$G$24:$G$28,1),MATCH(#REF!,Data!$H$23:$J$23,1)),0) -> #REF! | D30: =RIGHT(TRIM('DL 1'!G31),1) | E30: ='DL 1'!E31*'DL 1'!D31 -> 0 | F30: =_xlfn.IFNA(VLOOKUP(TRIM('DL 1'!G31),Data!$A:$C,3,0),"") | G30: ='DL 1'!E31 -> 0 | H30: =_xlfn.IFNA(VLOOKUP(TRIM('DL 1'!G31),Data!$A:$D,4,0),0) -> 0 | I30: =_xlfn.IFNA(INDEX(Data!$G$5:$K$10,MATCH('DL 1'!D31,Data!$F$5:$F$10,1),MATCH(_xlfn.SINGLE(#REF!),Data!$G$4:$K$4,1)),0) -> 0 | J30: =_xlfn.IFNA(IF(VLOOKUP(TRIM('DL 1'!G31),Data!$A:$C,3,0)="ST1",H30*I30*G30,IF(VLOOKUP(TRIM('DL 1'!G31),Data!$A:$C,3,0)="IR0",H30*G30,MIN(H30:I30)*G30)),0) -> 0 | K30: =_xlfn.IFNA(VLOOKUP(TRIM(#REF!),Data!$A:$D,4,0)*#REF!,0) -> #REF! | L30: =IF(TRIM('DL 1'!G31)="EDCLNHT0IRNLI",20000,0) -> 0 | M30: =IF(ISERROR(MATCH('DL 1'!A31,#REF!,0)),0,J30*2) -> 0 | N30: =#REF! -> #REF! | O30: =_xlfn.IFNA(VLOOKUP(RIGHT(VLOOKUP(TRIM('DL 1'!G31),Data!$A:$B,2,0),1),Data!$L$23:$M$30,2,0),0) -> 0 | P30: =IF(G30<1,0,IF(G30<12000000,1,IF(AND(G30>=12000000,G30<25000000),2,IF(AND(G30>=25000000,G30<50000000),3,IF(AND(G30>=50000000),4,))))) -> 0 | Q30: =IF(AND(P30=1,S30<15),10000,IF(AND(P30=1,S30>=15,S30<18),15000,IF(AND(P30=1,S30>=18),20000,(IF(AND(P30=2,S30<15),18000,IF(AND(P30=2,S30>=15,S30<18),23000,IF(AND(P30=2,S30>=18),28000,IF(AND(P30=3,S30<15),26000,IF(AND(P30=3,S30>=15,S30<18),31000,IF(AND(P30=3,S30>=18),36000,IF(AND(P30=4,S30<15),34000,IF(AND(P30=4,S30>=15,S30<18),39000,IF(AND(P30=4,S30>=18),44000))))))))))))) -> FALSE | R30: =INCENTIVE!$E$8 -> 130000000 | S30: ='DL 1'!D31 -> 0 | T30: =(IF(S30>=24,"5",IF(S30>=18,"4",IF(S30>=15,"3",IF(S30>=12,"2","1"))))) -> 1 | V30: =(IF(S30>=12,"6",IF(S30>=9,"5",IF(S30>=8,"4",IF(S30>=7,"3",IF(S30=6,"2","1")))))) -> 1 | W30: =IF(AND(V30="6",R30>=7.7),115%,IF(AND(V30="6",R30>=7.5),105%,IF(AND(V30="6",R30>=7.3),100%,IF(AND(V30="6",R30>=7),100%,IF(AND(V30="6",R30<7),100%,IF(AND(V30="5",R30>=7.7),110%,IF(AND(V30="5",R30>=7.5),100%,IF(AND(V30="5",R30>=7.3),100%,IF(AND(V30="5",R30>=7),100%,IF(AND(V30="5",R30<7),100%,IF(AND(V30="4",R30>=7.7),105%,IF(AND(V30="4",R30>=7.5),100%,IF(AND(V30="4",R30>=7.3),95%,IF(AND(V30="4",R30>=7),90%,IF(AND(V30="4",R30<7),80%,IF(AND(V30="3",R30>=7.7),100%,IF(AND(V30="3",R30>=7.5),90%,IF(AND(V30="3",R30>=7.3),80%,IF(AND(V30="3",R30>=7),70%,IF(AND(V30="3",R30<7),60%,IF(AND(V30="2",R30>=7.7),60%,IF(AND(V30="2",R30>=7.5),50%,IF(AND(V30="2",R30>=7.3),35%,IF(AND(V30="2",R30>=7),35%,IF(AND(V30="2",R30<7),25%,25%))))))))))))))))))))))))) -> 0.25 | X30: ='DL 1'!E31 -> 0 | Y30: ='DL 1'!G31 -> 0 | Z30: =IF(AND(#REF!="1",Y30="A"),0.9,IF(AND(#REF!="1",Y30="B"),0.7,IF(AND(#REF!="1",Y30="C"),0,IF(AND(#REF!="1",Y30="D"),0,IF(AND(#REF!="2",Y30="A"),1.2,IF(AND(#REF!="2",Y30="B"),1,IF(AND(#REF!="2",Y30="C"),0.1,IF(AND(#REF!="2",Y30="D"),0,IF(AND(#REF!="3",Y30="A"),1.3,IF(AND(#REF!="3",Y30="B"),1.1,IF(AND(#REF!="3",Y30="C"),0.3,IF(AND(#REF!="3",Y30="D"),0,IF(AND(#REF!="4",Y30="A"),1.5,IF(AND(#REF!="4",Y30="B"),1.3,IF(AND(#REF!="4",Y30="C"),0.4,IF(AND(#REF!="4",Y30="D"),0,IF(AND(#REF!="5",Y30="A"),1.6,IF(AND(#REF!="5",Y30="B"),1.4,IF(AND(#REF!="5",Y30="C"),0.5,IF(AND(#REF!="5",Y30="D"),0,)))))))))))))))))))) -> #REF! | AC30: =IFERROR(VLOOKUP(Y30,Data!$G$65:$L$69,2,0) *X30,"") | AD30: =SUM(AC30) -> 0 | AE30: ='DL 1'!F31 -> 0 | AF30: =IFERROR(VLOOKUP(Y30,Data!$G$65:$K$79,4,0),"") | AG30: =#REF! -> #REF! | AK30: =IF(G30<1,0,IF(G30<12000000,1,IF(AND(G30>=12000000,G30<25000000),2,IF(AND(G30>=25000000,G30<50000000),3,IF(AND(G30>=50000000),4,))))) -> 0 | AL30: =IF(AND(S30<12,Y30="A"),0.9,IF(AND(S30<12,Y30="B"),0.7,IF(AND(S30<12,Y30="C"),0,IF(AND(S30<12,Y30="D"),0,IF(AND(S30>=12,S30<15,Y30="A"),1.2,IF(AND(S30>=12,S30<15,Y30="B"),1,IF(AND(S30>=12,S30<15,Y30="C"),0.1,IF(AND(S30>=12,S30<15,Y30="D"),0,IF(AND(S30>=15,S30<18,Y30="A"),1.3,IF(AND(S30>=15,S30<18,Y30="B"),1.1,IF(AND(S30>=15,S30<18,Y30="C"),0.3,IF(AND(S30>=15,S30<18,Y30="D"),0,IF(AND(S30>=18,S30<24,Y30="A"),1.5,IF(AND(S30>=18,S30<24,Y30="B"),1.3,IF(AND(S30>=18,S30<24,Y30="C"),0.4,IF(AND(S30>=18,S30<24,Y30="D"),0,IF(AND(S30>=24,Y30="A"),1.6,IF(AND(S30>=24,Y30="B"),1.4,IF(AND(S30>=24,Y30="C"),0.5,IF(AND(S30>=24,Y30="D"),0,)))))))))))))))))))) -> 0 | AM30: =X30*(AL30/100) -> 0 | AN30: =Q30 -> FALSE
A31: =IF(D31="A",_xlfn.IFNA(INDEX(Data!$H$24:$J$28,MATCH('DL 1'!E32,Data!$G$24:$G$28,1),MATCH('DL 1'!D32,Data!$H$23:$J$23,1)),0),0) -> 0 | B31: =IF('DL 1'!F32="Y",Q31,0) -> 0 | C31: =_xlfn.IFNA(INDEX(Data!$H$24:$J$28,MATCH(#REF!,Data!$G$24:$G$28,1),MATCH(#REF!,Data!$H$23:$J$23,1)),0) -> #REF! | D31: =RIGHT(TRIM('DL 1'!G32),1) | E31: ='DL 1'!E32*'DL 1'!D32 -> 0 | F31: =_xlfn.IFNA(VLOOKUP(TRIM('DL 1'!G32),Data!$A:$C,3,0),"") | G31: ='DL 1'!E32 -> 0 | H31: =_xlfn.IFNA(VLOOKUP(TRIM('DL 1'!G32),Data!$A:$D,4,0),0) -> 0 | I31: =_xlfn.IFNA(INDEX(Data!$G$5:$K$10,MATCH('DL 1'!D32,Data!$F$5:$F$10,1),MATCH(_xlfn.SINGLE(#REF!),Data!$G$4:$K$4,1)),0) -> 0 | J31: =_xlfn.IFNA(IF(VLOOKUP(TRIM('DL 1'!G32),Data!$A:$C,3,0)="ST1",H31*I31*G31,IF(VLOOKUP(TRIM('DL 1'!G32),Data!$A:$C,3,0)="IR0",H31*G31,MIN(H31:I31)*G31)),0) -> 0 | K31: =_xlfn.IFNA(VLOOKUP(TRIM(#REF!),Data!$A:$D,4,0)*#REF!,0) -> #REF! | L31: =IF(TRIM('DL 1'!G32)="EDCLNHT0IRNLI",20000,0) -> 0 | M31: =IF(ISERROR(MATCH('DL 1'!A32,#REF!,0)),0,J31*2) -> 0 | N31: =#REF! -> #REF! | O31: =_xlfn.IFNA(VLOOKUP(RIGHT(VLOOKUP(TRIM('DL 1'!G32),Data!$A:$B,2,0),1),Data!$L$23:$M$30,2,0),0) -> 0 | P31: =IF(G31<1,0,IF(G31<12000000,1,IF(AND(G31>=12000000,G31<25000000),2,IF(AND(G31>=25000000,G31<50000000),3,IF(AND(G31>=50000000),4,))))) -> 0 | Q31: =IF(AND(P31=1,S31<15),10000,IF(AND(P31=1,S31>=15,S31<18),15000,IF(AND(P31=1,S31>=18),20000,(IF(AND(P31=2,S31<15),18000,IF(AND(P31=2,S31>=15,S31<18),23000,IF(AND(P31=2,S31>=18),28000,IF(AND(P31=3,S31<15),26000,IF(AND(P31=3,S31>=15,S31<18),31000,IF(AND(P31=3,S31>=18),36000,IF(AND(P31=4,S31<15),34000,IF(AND(P31=4,S31>=15,S31<18),39000,IF(AND(P31=4,S31>=18),44000))))))))))))) -> FALSE | R31: =INCENTIVE!$E$8 -> 130000000 | S31: ='DL 1'!D32 -> 0 | T31: =(IF(S31>=24,"5",IF(S31>=18,"4",IF(S31>=15,"3",IF(S31>=12,"2","1"))))) -> 1 | V31: =(IF(S31>=12,"6",IF(S31>=9,"5",IF(S31>=8,"4",IF(S31>=7,"3",IF(S31=6,"2","1")))))) -> 1 | W31: =IF(AND(V31="6",R31>=7.7),115%,IF(AND(V31="6",R31>=7.5),105%,IF(AND(V31="6",R31>=7.3),100%,IF(AND(V31="6",R31>=7),100%,IF(AND(V31="6",R31<7),100%,IF(AND(V31="5",R31>=7.7),110%,IF(AND(V31="5",R31>=7.5),100%,IF(AND(V31="5",R31>=7.3),100%,IF(AND(V31="5",R31>=7),100%,IF(AND(V31="5",R31<7),100%,IF(AND(V31="4",R31>=7.7),105%,IF(AND(V31="4",R31>=7.5),100%,IF(AND(V31="4",R31>=7.3),95%,IF(AND(V31="4",R31>=7),90%,IF(AND(V31="4",R31<7),80%,IF(AND(V31="3",R31>=7.7),100%,IF(AND(V31="3",R31>=7.5),90%,IF(AND(V31="3",R31>=7.3),80%,IF(AND(V31="3",R31>=7),70%,IF(AND(V31="3",R31<7),60%,IF(AND(V31="2",R31>=7.7),60%,IF(AND(V31="2",R31>=7.5),50%,IF(AND(V31="2",R31>=7.3),35%,IF(AND(V31="2",R31>=7),35%,IF(AND(V31="2",R31<7),25%,25%))))))))))))))))))))))))) -> 0.25 | X31: ='DL 1'!E32 -> 0 | Y31: ='DL 1'!G32 -> 0 | Z31: =IF(AND(#REF!="1",Y31="A"),0.9,IF(AND(#REF!="1",Y31="B"),0.7,IF(AND(#REF!="1",Y31="C"),0,IF(AND(#REF!="1",Y31="D"),0,IF(AND(#REF!="2",Y31="A"),1.2,IF(AND(#REF!="2",Y31="B"),1,IF(AND(#REF!="2",Y31="C"),0.1,IF(AND(#REF!="2",Y31="D"),0,IF(AND(#REF!="3",Y31="A"),1.3,IF(AND(#REF!="3",Y31="B"),1.1,IF(AND(#REF!="3",Y31="C"),0.3,IF(AND(#REF!="3",Y31="D"),0,IF(AND(#REF!="4",Y31="A"),1.5,IF(AND(#REF!="4",Y31="B"),1.3,IF(AND(#REF!="4",Y31="C"),0.4,IF(AND(#REF!="4",Y31="D"),0,IF(AND(#REF!="5",Y31="A"),1.6,IF(AND(#REF!="5",Y31="B"),1.4,IF(AND(#REF!="5",Y31="C"),0.5,IF(AND(#REF!="5",Y31="D"),0,)))))))))))))))))))) -> #REF! | AC31: =IFERROR(VLOOKUP(Y31,Data!$G$65:$L$69,2,0) *X31,"") | AD31: =SUM(AC31) -> 0 | AE31: ='DL 1'!F32 -> 0 | AF31: =IFERROR(VLOOKUP(Y31,Data!$G$65:$K$79,4,0),"") | AG31: =#REF! -> #REF! | AK31: =IF(G31<1,0,IF(G31<12000000,1,IF(AND(G31>=12000000,G31<25000000),2,IF(AND(G31>=25000000,G31<50000000),3,IF(AND(G31>=50000000),4,))))) -> 0 | AL31: =IF(AND(S31<12,Y31="A"),0.9,IF(AND(S31<12,Y31="B"),0.7,IF(AND(S31<12,Y31="C"),0,IF(AND(S31<12,Y31="D"),0,IF(AND(S31>=12,S31<15,Y31="A"),1.2,IF(AND(S31>=12,S31<15,Y31="B"),1,IF(AND(S31>=12,S31<15,Y31="C"),0.1,IF(AND(S31>=12,S31<15,Y31="D"),0,IF(AND(S31>=15,S31<18,Y31="A"),1.3,IF(AND(S31>=15,S31<18,Y31="B"),1.1,IF(AND(S31>=15,S31<18,Y31="C"),0.3,IF(AND(S31>=15,S31<18,Y31="D"),0,IF(AND(S31>=18,S31<24,Y31="A"),1.5,IF(AND(S31>=18,S31<24,Y31="B"),1.3,IF(AND(S31>=18,S31<24,Y31="C"),0.4,IF(AND(S31>=18,S31<24,Y31="D"),0,IF(AND(S31>=24,Y31="A"),1.6,IF(AND(S31>=24,Y31="B"),1.4,IF(AND(S31>=24,Y31="C"),0.5,IF(AND(S31>=24,Y31="D"),0,)))))))))))))))))))) -> 0 | AM31: =X31*(AL31/100) -> 0 | AN31: =Q31 -> FALSE
... A34: =IF(D34="A",_xlfn.IFNA(INDEX(Data!$H$24:$J$28,MATCH('DL 1'!E35,Data!$G$24:$G$28,1),MATCH('DL 1'!D35,Data!$H$23:$J$23,1)),0),0) -> 0 | B34: =IF('DL 1'!F35="Y",Q34,0) -> 0 | C34: =_xlfn.IFNA(INDEX(Data!$H$24:$J$28,MATCH(#REF!,Data!$G$24:$G$28,1),MATCH(#REF!,Data!$H$23:$J$23,1)),0) -> #REF! | D34: =RIGHT(TRIM('DL 1'!G35),1) | E34: ='DL 1'!E35*'DL 1'!D35 -> 0 | F34: =_xlfn.IFNA(VLOOKUP(TRIM('DL 1'!G35),Data!$A:$C,3,0),"") | G34: ='DL 1'!E35 -> 0 | H34: =_xlfn.IFNA(VLOOKUP(TRIM('DL 1'!G35),Data!$A:$D,4,0),0) -> 0 | I34: =_xlfn.IFNA(INDEX(Data!$G$5:$K$10,MATCH('DL 1'!D35,Data!$F$5:$F$10,1),MATCH(_xlfn.SINGLE(#REF!),Data!$G$4:$K$4,1)),0) -> 0 | J34: =_xlfn.IFNA(IF(VLOOKUP(TRIM('DL 1'!G35),Data!$A:$C,3,0)="ST1",H34*I34*G34,IF(VLOOKUP(TRIM('DL 1'!G35),Data!$A:$C,3,0)="IR0",H34*G34,MIN(H34:I34)*G34)),0) -> 0 | K34: =_xlfn.IFNA(VLOOKUP(TRIM(#REF!),Data!$A:$D,4,0)*#REF!,0) -> #REF! | L34: =IF(TRIM('DL 1'!G35)="EDCLNHT0IRNLI",20000,0) -> 0 | M34: =IF(ISERROR(MATCH('DL 1'!A35,#REF!,0)),0,J34*2) -> 0 | N34: =#REF! -> #REF! | O34: =_xlfn.IFNA(VLOOKUP(RIGHT(VLOOKUP(TRIM('DL 1'!G35),Data!$A:$B,2,0),1),Data!$L$23:$M$30,2,0),0) -> 0 | P34: =IF(G34<1,0,IF(G34<12000000,1,IF(AND(G34>=12000000,G34<25000000),2,IF(AND(G34>=25000000,G34<50000000),3,IF(AND(G34>=50000000),4,))))) -> 0 | Q34: =IF(AND(P34=1,S34<15),10000,IF(AND(P34=1,S34>=15,S34<18),15000,IF(AND(P34=1,S34>=18),20000,(IF(AND(P34=2,S34<15),18000,IF(AND(P34=2,S34>=15,S34<18),23000,IF(AND(P34=2,S34>=18),28000,IF(AND(P34=3,S34<15),26000,IF(AND(P34=3,S34>=15,S34<18),31000,IF(AND(P34=3,S34>=18),36000,IF(AND(P34=4,S34<15),34000,IF(AND(P34=4,S34>=15,S34<18),39000,IF(AND(P34=4,S34>=18),44000))))))))))))) -> FALSE | R34: =INCENTIVE!$E$8 -> 130000000 | S34: ='DL 1'!D35 -> 0 | T34: =(IF(S34>=24,"5",IF(S34>=18,"4",IF(S34>=15,"3",IF(S34>=12,"2","1"))))) -> 1 | V34: =(IF(S34>=12,"6",IF(S34>=9,"5",IF(S34>=8,"4",IF(S34>=7,"3",IF(S34=6,"2","1")))))) -> 1 | W34: =IF(AND(V34="6",R34>=7.7),115%,IF(AND(V34="6",R34>=7.5),105%,IF(AND(V34="6",R34>=7.3),100%,IF(AND(V34="6",R34>=7),100%,IF(AND(V34="6",R34<7),100%,IF(AND(V34="5",R34>=7.7),110%,IF(AND(V34="5",R34>=7.5),100%,IF(AND(V34="5",R34>=7.3),100%,IF(AND(V34="5",R34>=7),100%,IF(AND(V34="5",R34<7),100%,IF(AND(V34="4",R34>=7.7),105%,IF(AND(V34="4",R34>=7.5),100%,IF(AND(V34="4",R34>=7.3),95%,IF(AND(V34="4",R34>=7),90%,IF(AND(V34="4",R34<7),80%,IF(AND(V34="3",R34>=7.7),100%,IF(AND(V34="3",R34>=7.5),90%,IF(AND(V34="3",R34>=7.3),80%,IF(AND(V34="3",R34>=7),70%,IF(AND(V34="3",R34<7),60%,IF(AND(V34="2",R34>=7.7),60%,IF(AND(V34="2",R34>=7.5),50%,IF(AND(V34="2",R34>=7.3),35%,IF(AND(V34="2",R34>=7),35%,IF(AND(V34="2",R34<7),25%,25%))))))))))))))))))))))))) -> 0.25 | X34: ='DL 1'!E35 -> 0 | Y34: ='DL 1'!G35 -> 0 | Z34: =IF(AND(#REF!="1",Y34="A"),0.9,IF(AND(#REF!="1",Y34="B"),0.7,IF(AND(#REF!="1",Y34="C"),0,IF(AND(#REF!="1",Y34="D"),0,IF(AND(#REF!="2",Y34="A"),1.2,IF(AND(#REF!="2",Y34="B"),1,IF(AND(#REF!="2",Y34="C"),0.1,IF(AND(#REF!="2",Y34="D"),0,IF(AND(#REF!="3",Y34="A"),1.3,IF(AND(#REF!="3",Y34="B"),1.1,IF(AND(#REF!="3",Y34="C"),0.3,IF(AND(#REF!="3",Y34="D"),0,IF(AND(#REF!="4",Y34="A"),1.5,IF(AND(#REF!="4",Y34="B"),1.3,IF(AND(#REF!="4",Y34="C"),0.4,IF(AND(#REF!="4",Y34="D"),0,IF(AND(#REF!="5",Y34="A"),1.6,IF(AND(#REF!="5",Y34="B"),1.4,IF(AND(#REF!="5",Y34="C"),0.5,IF(AND(#REF!="5",Y34="D"),0,)))))))))))))))))))) -> #REF! | AC34: =IFERROR(VLOOKUP(Y34,Data!$G$65:$L$69,2,0) *X34,"") | AD34: =SUM(AC34) -> 0 | AE34: ='DL 1'!F35 -> 0 | AF34: =IFERROR(VLOOKUP(Y34,Data!$G$65:$K$79,4,0),"") | AG34: =#REF! -> #REF! | AK34: =IF(G34<1,0,IF(G34<12000000,1,IF(AND(G34>=12000000,G34<25000000),2,IF(AND(G34>=25000000,G34<50000000),3,IF(AND(G34>=50000000),4,))))) -> 0 | AL34: =IF(AND(S34<12,Y34="A"),0.9,IF(AND(S34<12,Y34="B"),0.7,IF(AND(S34<12,Y34="C"),0,IF(AND(S34<12,Y34="D"),0,IF(AND(S34>=12,S34<15,Y34="A"),1.2,IF(AND(S34>=12,S34<15,Y34="B"),1,IF(AND(S34>=12,S34<15,Y34="C"),0.1,IF(AND(S34>=12,S34<15,Y34="D"),0,IF(AND(S34>=15,S34<18,Y34="A"),1.3,IF(AND(S34>=15,S34<18,Y34="B"),1.1,IF(AND(S34>=15,S34<18,Y34="C"),0.3,IF(AND(S34>=15,S34<18,Y34="D"),0,IF(AND(S34>=18,S34<24,Y34="A"),1.5,IF(AND(S34>=18,S34<24,Y34="B"),1.3,IF(AND(S34>=18,S34<24,Y34="C"),0.4,IF(AND(S34>=18,S34<24,Y34="D"),0,IF(AND(S34>=24,Y34="A"),1.6,IF(AND(S34>=24,Y34="B"),1.4,IF(AND(S34>=24,Y34="C"),0.5,IF(AND(S34>=24,Y34="D"),0,)))))))))))))))))))) -> 0 | AM34: =X34*(AL34/100) -> 0 | AN34: =Q34 -> FALSE
A35: =IF(D35="A",_xlfn.IFNA(INDEX(Data!$H$24:$J$28,MATCH('DL 1'!E36,Data!$G$24:$G$28,1),MATCH('DL 1'!D36,Data!$H$23:$J$23,1)),0),0) -> 0 | B35: =IF('DL 1'!F36="Y",Q35,0) -> 0 | C35: =_xlfn.IFNA(INDEX(Data!$H$24:$J$28,MATCH(#REF!,Data!$G$24:$G$28,1),MATCH(#REF!,Data!$H$23:$J$23,1)),0) -> #REF! | D35: =RIGHT(TRIM('DL 1'!G36),1) | E35: ='DL 1'!E36*'DL 1'!D36 -> 0 | F35: =_xlfn.IFNA(VLOOKUP(TRIM('DL 1'!G36),Data!$A:$C,3,0),"") | G35: ='DL 1'!E36 -> 0 | H35: =_xlfn.IFNA(VLOOKUP(TRIM('DL 1'!G36),Data!$A:$D,4,0),0) -> 0 | I35: =_xlfn.IFNA(INDEX(Data!$G$5:$K$10,MATCH('DL 1'!D36,Data!$F$5:$F$10,1),MATCH(_xlfn.SINGLE(#REF!),Data!$G$4:$K$4,1)),0) -> 0 | J35: =_xlfn.IFNA(IF(VLOOKUP(TRIM('DL 1'!G36),Data!$A:$C,3,0)="ST1",H35*I35*G35,IF(VLOOKUP(TRIM('DL 1'!G36),Data!$A:$C,3,0)="IR0",H35*G35,MIN(H35:I35)*G35)),0) -> 0 | K35: =_xlfn.IFNA(VLOOKUP(TRIM(#REF!),Data!$A:$D,4,0)*#REF!,0) -> #REF! | L35: =IF(TRIM('DL 1'!G36)="EDCLNHT0IRNLI",20000,0) -> 0 | M35: =IF(ISERROR(MATCH('DL 1'!A36,#REF!,0)),0,J35*2) -> 0 | N35: =#REF! -> #REF! | O35: =_xlfn.IFNA(VLOOKUP(RIGHT(VLOOKUP(TRIM('DL 1'!G36),Data!$A:$B,2,0),1),Data!$L$23:$M$30,2,0),0) -> 0 | P35: =IF(G35<1,0,IF(G35<12000000,1,IF(AND(G35>=12000000,G35<25000000),2,IF(AND(G35>=25000000,G35<50000000),3,IF(AND(G35>=50000000),4,))))) -> 0 | Q35: =IF(AND(P35=1,S35<15),10000,IF(AND(P35=1,S35>=15,S35<18),15000,IF(AND(P35=1,S35>=18),20000,(IF(AND(P35=2,S35<15),18000,IF(AND(P35=2,S35>=15,S35<18),23000,IF(AND(P35=2,S35>=18),28000,IF(AND(P35=3,S35<15),26000,IF(AND(P35=3,S35>=15,S35<18),31000,IF(AND(P35=3,S35>=18),36000,IF(AND(P35=4,S35<15),34000,IF(AND(P35=4,S35>=15,S35<18),39000,IF(AND(P35=4,S35>=18),44000))))))))))))) -> FALSE | R35: =INCENTIVE!$E$8 -> 130000000 | S35: ='DL 1'!D36 -> 0 | T35: =(IF(S35>=24,"5",IF(S35>=18,"4",IF(S35>=15,"3",IF(S35>=12,"2","1"))))) -> 1 | V35: =(IF(S35>=12,"6",IF(S35>=9,"5",IF(S35>=8,"4",IF(S35>=7,"3",IF(S35=6,"2","1")))))) -> 1 | W35: =IF(AND(V35="6",R35>=7.7),115%,IF(AND(V35="6",R35>=7.5),105%,IF(AND(V35="6",R35>=7.3),100%,IF(AND(V35="6",R35>=7),100%,IF(AND(V35="6",R35<7),100%,IF(AND(V35="5",R35>=7.7),110%,IF(AND(V35="5",R35>=7.5),100%,IF(AND(V35="5",R35>=7.3),100%,IF(AND(V35="5",R35>=7),100%,IF(AND(V35="5",R35<7),100%,IF(AND(V35="4",R35>=7.7),105%,IF(AND(V35="4",R35>=7.5),100%,IF(AND(V35="4",R35>=7.3),95%,IF(AND(V35="4",R35>=7),90%,IF(AND(V35="4",R35<7),80%,IF(AND(V35="3",R35>=7.7),100%,IF(AND(V35="3",R35>=7.5),90%,IF(AND(V35="3",R35>=7.3),80%,IF(AND(V35="3",R35>=7),70%,IF(AND(V35="3",R35<7),60%,IF(AND(V35="2",R35>=7.7),60%,IF(AND(V35="2",R35>=7.5),50%,IF(AND(V35="2",R35>=7.3),35%,IF(AND(V35="2",R35>=7),35%,IF(AND(V35="2",R35<7),25%,25%))))))))))))))))))))))))) -> 0.25 | X35: ='DL 1'!E36 -> 0 | Y35: ='DL 1'!G36 -> 0 | AC35: =IFERROR(VLOOKUP(Y35,Data!$G$65:$L$69,2,0) *X35,"") | AD35: =SUM(AC35) -> 0 | AE35: ='DL 1'!F36 -> 0 | AF35: =IFERROR(VLOOKUP(Y35,Data!$G$65:$K$79,4,0),"") | AG35: =#REF! -> #REF! | AK35: =IF(G35<1,0,IF(G35<12000000,1,IF(AND(G35>=12000000,G35<25000000),2,IF(AND(G35>=25000000,G35<50000000),3,IF(AND(G35>=50000000),4,))))) -> 0 | AL35: =IF(AND(S35<12,Y35="A"),0.9,IF(AND(S35<12,Y35="B"),0.7,IF(AND(S35<12,Y35="C"),0,IF(AND(S35<12,Y35="D"),0,IF(AND(S35>=12,S35<15,Y35="A"),1.2,IF(AND(S35>=12,S35<15,Y35="B"),1,IF(AND(S35>=12,S35<15,Y35="C"),0.1,IF(AND(S35>=12,S35<15,Y35="D"),0,IF(AND(S35>=15,S35<18,Y35="A"),1.3,IF(AND(S35>=15,S35<18,Y35="B"),1.1,IF(AND(S35>=15,S35<18,Y35="C"),0.3,IF(AND(S35>=15,S35<18,Y35="D"),0,IF(AND(S35>=18,S35<24,Y35="A"),1.5,IF(AND(S35>=18,S35<24,Y35="B"),1.3,IF(AND(S35>=18,S35<24,Y35="C"),0.4,IF(AND(S35>=18,S35<24,Y35="D"),0,IF(AND(S35>=24,Y35="A"),1.6,IF(AND(S35>=24,Y35="B"),1.4,IF(AND(S35>=24,Y35="C"),0.5,IF(AND(S35>=24,Y35="D"),0,)))))))))))))))))))) -> 0 | AM35: =X35*(AL35/100) -> 0 | AN35: =Q35 -> FALSE
A36: =IF(D36="A",_xlfn.IFNA(INDEX(Data!$H$24:$J$28,MATCH('DL 1'!E37,Data!$G$24:$G$28,1),MATCH('DL 1'!D37,Data!$H$23:$J$23,1)),0),0) -> 0 | B36: =IF('DL 1'!F37="Y",Q36,0) -> 0 | C36: =_xlfn.IFNA(INDEX(Data!$H$24:$J$28,MATCH(#REF!,Data!$G$24:$G$28,1),MATCH(#REF!,Data!$H$23:$J$23,1)),0) -> #REF! | D36: =RIGHT(TRIM('DL 1'!G37),1) | E36: ='DL 1'!E37*'DL 1'!D37 -> 0 | F36: =_xlfn.IFNA(VLOOKUP(TRIM('DL 1'!G37),Data!$A:$C,3,0),"") | G36: ='DL 1'!E37 -> 0 | H36: =_xlfn.IFNA(VLOOKUP(TRIM('DL 1'!G37),Data!$A:$D,4,0),0) -> 0 | I36: =_xlfn.IFNA(INDEX(Data!$G$5:$K$10,MATCH('DL 1'!D37,Data!$F$5:$F$10,1),MATCH(_xlfn.SINGLE(#REF!),Data!$G$4:$K$4,1)),0) -> 0 | J36: =_xlfn.IFNA(IF(VLOOKUP(TRIM('DL 1'!G37),Data!$A:$C,3,0)="ST1",H36*I36*G36,IF(VLOOKUP(TRIM('DL 1'!G37),Data!$A:$C,3,0)="IR0",H36*G36,MIN(H36:I36)*G36)),0) -> 0 | K36: =_xlfn.IFNA(VLOOKUP(TRIM(#REF!),Data!$A:$D,4,0)*#REF!,0) -> #REF! | L36: =IF(TRIM('DL 1'!G37)="EDCLNHT0IRNLI",20000,0) -> 0 | M36: =IF(ISERROR(MATCH('DL 1'!A37,#REF!,0)),0,J36*2) -> 0 | N36: =#REF! -> #REF! | O36: =_xlfn.IFNA(VLOOKUP(RIGHT(VLOOKUP(TRIM('DL 1'!G37),Data!$A:$B,2,0),1),Data!$L$23:$M$30,2,0),0) -> 0 | P36: =IF(G36<1,0,IF(G36<12000000,1,IF(AND(G36>=12000000,G36<25000000),2,IF(AND(G36>=25000000,G36<50000000),3,IF(AND(G36>=50000000),4,))))) -> 0 | Q36: =IF(AND(P36=1,S36<15),10000,IF(AND(P36=1,S36>=15,S36<18),15000,IF(AND(P36=1,S36>=18),20000,(IF(AND(P36=2,S36<15),18000,IF(AND(P36=2,S36>=15,S36<18),23000,IF(AND(P36=2,S36>=18),28000,IF(AND(P36=3,S36<15),26000,IF(AND(P36=3,S36>=15,S36<18),31000,IF(AND(P36=3,S36>=18),36000,IF(AND(P36=4,S36<15),34000,IF(AND(P36=4,S36>=15,S36<18),39000,IF(AND(P36=4,S36>=18),44000))))))))))))) -> FALSE | R36: =INCENTIVE!$E$8 -> 130000000 | S36: ='DL 1'!D37 -> 0 | T36: =(IF(S36>=24,"5",IF(S36>=18,"4",IF(S36>=15,"3",IF(S36>=12,"2","1"))))) -> 1 | V36: =(IF(S36>=12,"6",IF(S36>=9,"5",IF(S36>=8,"4",IF(S36>=7,"3",IF(S36=6,"2","1")))))) -> 1 | W36: =IF(AND(V36="6",R36>=7.7),115%,IF(AND(V36="6",R36>=7.5),105%,IF(AND(V36="6",R36>=7.3),100%,IF(AND(V36="6",R36>=7),100%,IF(AND(V36="6",R36<7),100%,IF(AND(V36="5",R36>=7.7),110%,IF(AND(V36="5",R36>=7.5),100%,IF(AND(V36="5",R36>=7.3),100%,IF(AND(V36="5",R36>=7),100%,IF(AND(V36="5",R36<7),100%,IF(AND(V36="4",R36>=7.7),105%,IF(AND(V36="4",R36>=7.5),100%,IF(AND(V36="4",R36>=7.3),95%,IF(AND(V36="4",R36>=7),90%,IF(AND(V36="4",R36<7),80%,IF(AND(V36="3",R36>=7.7),100%,IF(AND(V36="3",R36>=7.5),90%,IF(AND(V36="3",R36>=7.3),80%,IF(AND(V36="3",R36>=7),70%,IF(AND(V36="3",R36<7),60%,IF(AND(V36="2",R36>=7.7),60%,IF(AND(V36="2",R36>=7.5),50%,IF(AND(V36="2",R36>=7.3),35%,IF(AND(V36="2",R36>=7),35%,IF(AND(V36="2",R36<7),25%,25%))))))))))))))))))))))))) -> 0.25 | X36: ='DL 1'!E37 -> 0 | Y36: ='DL 1'!G37 -> 0 | AC36: =IFERROR(VLOOKUP(Y36,Data!$G$65:$L$69,2,0) *X36,"") | AD36: =SUM(AC36) -> 0 | AE36: ='DL 1'!F37 -> 0 | AF36: =IFERROR(VLOOKUP(Y36,Data!$G$65:$K$79,4,0),"") | AG36: =#REF! -> #REF! | AK36: =IF(G36<1,0,IF(G36<12000000,1,IF(AND(G36>=12000000,G36<25000000),2,IF(AND(G36>=25000000,G36<50000000),3,IF(AND(G36>=50000000),4,))))) -> 0 | AL36: =IF(AND(S36<12,Y36="A"),0.9,IF(AND(S36<12,Y36="B"),0.7,IF(AND(S36<12,Y36="C"),0,IF(AND(S36<12,Y36="D"),0,IF(AND(S36>=12,S36<15,Y36="A"),1.2,IF(AND(S36>=12,S36<15,Y36="B"),1,IF(AND(S36>=12,S36<15,Y36="C"),0.1,IF(AND(S36>=12,S36<15,Y36="D"),0,IF(AND(S36>=15,S36<18,Y36="A"),1.3,IF(AND(S36>=15,S36<18,Y36="B"),1.1,IF(AND(S36>=15,S36<18,Y36="C"),0.3,IF(AND(S36>=15,S36<18,Y36="D"),0,IF(AND(S36>=18,S36<24,Y36="A"),1.5,IF(AND(S36>=18,S36<24,Y36="B"),1.3,IF(AND(S36>=18,S36<24,Y36="C"),0.4,IF(AND(S36>=18,S36<24,Y36="D"),0,IF(AND(S36>=24,Y36="A"),1.6,IF(AND(S36>=24,Y36="B"),1.4,IF(AND(S36>=24,Y36="C"),0.5,IF(AND(S36>=24,Y36="D"),0,)))))))))))))))))))) -> 0 | AM36: =X36*(AL36/100) -> 0 | AN36: =Q36 -> FALSE
A37: =IF(D37="A",_xlfn.IFNA(INDEX(Data!$H$24:$J$28,MATCH('DL 1'!E38,Data!$G$24:$G$28,1),MATCH('DL 1'!D38,Data!$H$23:$J$23,1)),0),0) -> 0 | B37: =IF('DL 1'!F38="Y",Q37,0) -> 0 | C37: =_xlfn.IFNA(INDEX(Data!$H$24:$J$28,MATCH(#REF!,Data!$G$24:$G$28,1),MATCH(#REF!,Data!$H$23:$J$23,1)),0) -> #REF! | D37: =RIGHT(TRIM('DL 1'!G38),1) | E37: ='DL 1'!E38*'DL 1'!D38 -> 0 | F37: =_xlfn.IFNA(VLOOKUP(TRIM('DL 1'!G38),Data!$A:$C,3,0),"") | G37: ='DL 1'!E38 -> 0 | H37: =_xlfn.IFNA(VLOOKUP(TRIM('DL 1'!G38),Data!$A:$D,4,0),0) -> 0 | I37: =_xlfn.IFNA(INDEX(Data!$G$5:$K$10,MATCH('DL 1'!D38,Data!$F$5:$F$10,1),MATCH(_xlfn.SINGLE(#REF!),Data!$G$4:$K$4,1)),0) -> 0 | J37: =_xlfn.IFNA(IF(VLOOKUP(TRIM('DL 1'!G38),Data!$A:$C,3,0)="ST1",H37*I37*G37,IF(VLOOKUP(TRIM('DL 1'!G38),Data!$A:$C,3,0)="IR0",H37*G37,MIN(H37:I37)*G37)),0) -> 0 | K37: =_xlfn.IFNA(VLOOKUP(TRIM(#REF!),Data!$A:$D,4,0)*#REF!,0) -> #REF! | L37: =IF(TRIM('DL 1'!G38)="EDCLNHT0IRNLI",20000,0) -> 0 | M37: =IF(ISERROR(MATCH('DL 1'!A38,#REF!,0)),0,J37*2) -> 0 | N37: =#REF! -> #REF! | O37: =_xlfn.IFNA(VLOOKUP(RIGHT(VLOOKUP(TRIM('DL 1'!G38),Data!$A:$B,2,0),1),Data!$L$23:$M$30,2,0),0) -> 0 | P37: =IF(G37<1,0,IF(G37<12000000,1,IF(AND(G37>=12000000,G37<25000000),2,IF(AND(G37>=25000000,G37<50000000),3,IF(AND(G37>=50000000),4,))))) -> 0 | Q37: =IF(AND(P37=1,S37<15),10000,IF(AND(P37=1,S37>=15,S37<18),15000,IF(AND(P37=1,S37>=18),20000,(IF(AND(P37=2,S37<15),18000,IF(AND(P37=2,S37>=15,S37<18),23000,IF(AND(P37=2,S37>=18),28000,IF(AND(P37=3,S37<15),26000,IF(AND(P37=3,S37>=15,S37<18),31000,IF(AND(P37=3,S37>=18),36000,IF(AND(P37=4,S37<15),34000,IF(AND(P37=4,S37>=15,S37<18),39000,IF(AND(P37=4,S37>=18),44000))))))))))))) -> FALSE | R37: =INCENTIVE!$E$8 -> 130000000 | S37: ='DL 1'!D38 -> 0 | T37: =(IF(S37>=24,"5",IF(S37>=18,"4",IF(S37>=15,"3",IF(S37>=12,"2","1"))))) -> 1 | V37: =(IF(S37>=12,"6",IF(S37>=9,"5",IF(S37>=8,"4",IF(S37>=7,"3",IF(S37=6,"2","1")))))) -> 1 | W37: =IF(AND(V37="6",R37>=7.7),115%,IF(AND(V37="6",R37>=7.5),105%,IF(AND(V37="6",R37>=7.3),100%,IF(AND(V37="6",R37>=7),100%,IF(AND(V37="6",R37<7),100%,IF(AND(V37="5",R37>=7.7),110%,IF(AND(V37="5",R37>=7.5),100%,IF(AND(V37="5",R37>=7.3),100%,IF(AND(V37="5",R37>=7),100%,IF(AND(V37="5",R37<7),100%,IF(AND(V37="4",R37>=7.7),105%,IF(AND(V37="4",R37>=7.5),100%,IF(AND(V37="4",R37>=7.3),95%,IF(AND(V37="4",R37>=7),90%,IF(AND(V37="4",R37<7),80%,IF(AND(V37="3",R37>=7.7),100%,IF(AND(V37="3",R37>=7.5),90%,IF(AND(V37="3",R37>=7.3),80%,IF(AND(V37="3",R37>=7),70%,IF(AND(V37="3",R37<7),60%,IF(AND(V37="2",R37>=7.7),60%,IF(AND(V37="2",R37>=7.5),50%,IF(AND(V37="2",R37>=7.3),35%,IF(AND(V37="2",R37>=7),35%,IF(AND(V37="2",R37<7),25%,25%))))))))))))))))))))))))) -> 0.25 | X37: ='DL 1'!E38 -> 0 | Y37: ='DL 1'!G38 -> 0 | AC37: =IFERROR(VLOOKUP(Y37,Data!$G$65:$L$69,2,0) *X37,"") | AD37: =SUM(AC37) -> 0 | AE37: ='DL 1'!F38 -> 0 | AF37: =IFERROR(VLOOKUP(Y37,Data!$G$65:$K$79,4,0),"") | AG37: =#REF! -> #REF! | AK37: =IF(G37<1,0,IF(G37<12000000,1,IF(AND(G37>=12000000,G37<25000000),2,IF(AND(G37>=25000000,G37<50000000),3,IF(AND(G37>=50000000),4,))))) -> 0 | AL37: =IF(AND(S37<12,Y37="A"),0.9,IF(AND(S37<12,Y37="B"),0.7,IF(AND(S37<12,Y37="C"),0,IF(AND(S37<12,Y37="D"),0,IF(AND(S37>=12,S37<15,Y37="A"),1.2,IF(AND(S37>=12,S37<15,Y37="B"),1,IF(AND(S37>=12,S37<15,Y37="C"),0.1,IF(AND(S37>=12,S37<15,Y37="D"),0,IF(AND(S37>=15,S37<18,Y37="A"),1.3,IF(AND(S37>=15,S37<18,Y37="B"),1.1,IF(AND(S37>=15,S37<18,Y37="C"),0.3,IF(AND(S37>=15,S37<18,Y37="D"),0,IF(AND(S37>=18,S37<24,Y37="A"),1.5,IF(AND(S37>=18,S37<24,Y37="B"),1.3,IF(AND(S37>=18,S37<24,Y37="C"),0.4,IF(AND(S37>=18,S37<24,Y37="D"),0,IF(AND(S37>=24,Y37="A"),1.6,IF(AND(S37>=24,Y37="B"),1.4,IF(AND(S37>=24,Y37="C"),0.5,IF(AND(S37>=24,Y37="D"),0,)))))))))))))))))))) -> 0 | AM37: =X37*(AL37/100) -> 0 | AN37: =Q37 -> FALSE
A38: =IF(D38="A",_xlfn.IFNA(INDEX(Data!$H$24:$J$28,MATCH('DL 1'!E39,Data!$G$24:$G$28,1),MATCH('DL 1'!D39,Data!$H$23:$J$23,1)),0),0) -> 0 | B38: =IF('DL 1'!F39="Y",Q38,0) -> 0 | C38: =_xlfn.IFNA(INDEX(Data!$H$24:$J$28,MATCH(#REF!,Data!$G$24:$G$28,1),MATCH(#REF!,Data!$H$23:$J$23,1)),0) -> #REF! | D38: =RIGHT(TRIM('DL 1'!G39),1) | E38: ='DL 1'!E39*'DL 1'!D39 -> 0 | F38: =_xlfn.IFNA(VLOOKUP(TRIM('DL 1'!G39),Data!$A:$C,3,0),"") | G38: ='DL 1'!E39 -> 0 | H38: =_xlfn.IFNA(VLOOKUP(TRIM('DL 1'!G39),Data!$A:$D,4,0),0) -> 0 | I38: =_xlfn.IFNA(INDEX(Data!$G$5:$K$10,MATCH('DL 1'!D39,Data!$F$5:$F$10,1),MATCH(_xlfn.SINGLE(#REF!),Data!$G$4:$K$4,1)),0) -> 0 | J38: =_xlfn.IFNA(IF(VLOOKUP(TRIM('DL 1'!G39),Data!$A:$C,3,0)="ST1",H38*I38*G38,IF(VLOOKUP(TRIM('DL 1'!G39),Data!$A:$C,3,0)="IR0",H38*G38,MIN(H38:I38)*G38)),0) -> 0 | K38: =_xlfn.IFNA(VLOOKUP(TRIM(#REF!),Data!$A:$D,4,0)*#REF!,0) -> #REF! | L38: =IF(TRIM('DL 1'!G39)="EDCLNHT0IRNLI",20000,0) -> 0 | M38: =IF(ISERROR(MATCH('DL 1'!A39,#REF!,0)),0,J38*2) -> 0 | N38: =#REF! -> #REF! | O38: =_xlfn.IFNA(VLOOKUP(RIGHT(VLOOKUP(TRIM('DL 1'!G39),Data!$A:$B,2,0),1),Data!$L$23:$M$30,2,0),0) -> 0 | P38: =IF(G38<1,0,IF(G38<12000000,1,IF(AND(G38>=12000000,G38<25000000),2,IF(AND(G38>=25000000,G38<50000000),3,IF(AND(G38>=50000000),4,))))) -> 0 | Q38: =IF(AND(P38=1,S38<15),10000,IF(AND(P38=1,S38>=15,S38<18),15000,IF(AND(P38=1,S38>=18),20000,(IF(AND(P38=2,S38<15),18000,IF(AND(P38=2,S38>=15,S38<18),23000,IF(AND(P38=2,S38>=18),28000,IF(AND(P38=3,S38<15),26000,IF(AND(P38=3,S38>=15,S38<18),31000,IF(AND(P38=3,S38>=18),36000,IF(AND(P38=4,S38<15),34000,IF(AND(P38=4,S38>=15,S38<18),39000,IF(AND(P38=4,S38>=18),44000))))))))))))) -> FALSE | R38: =INCENTIVE!$E$8 -> 130000000 | S38: ='DL 1'!D39 -> 0 | T38: =(IF(S38>=24,"5",IF(S38>=18,"4",IF(S38>=15,"3",IF(S38>=12,"2","1"))))) -> 1 | V38: =(IF(S38>=12,"6",IF(S38>=9,"5",IF(S38>=8,"4",IF(S38>=7,"3",IF(S38=6,"2","1")))))) -> 1 | W38: =IF(AND(V38="6",R38>=7.7),115%,IF(AND(V38="6",R38>=7.5),105%,IF(AND(V38="6",R38>=7.3),100%,IF(AND(V38="6",R38>=7),100%,IF(AND(V38="6",R38<7),100%,IF(AND(V38="5",R38>=7.7),110%,IF(AND(V38="5",R38>=7.5),100%,IF(AND(V38="5",R38>=7.3),100%,IF(AND(V38="5",R38>=7),100%,IF(AND(V38="5",R38<7),100%,IF(AND(V38="4",R38>=7.7),105%,IF(AND(V38="4",R38>=7.5),100%,IF(AND(V38="4",R38>=7.3),95%,IF(AND(V38="4",R38>=7),90%,IF(AND(V38="4",R38<7),80%,IF(AND(V38="3",R38>=7.7),100%,IF(AND(V38="3",R38>=7.5),90%,IF(AND(V38="3",R38>=7.3),80%,IF(AND(V38="3",R38>=7),70%,IF(AND(V38="3",R38<7),60%,IF(AND(V38="2",R38>=7.7),60%,IF(AND(V38="2",R38>=7.5),50%,IF(AND(V38="2",R38>=7.3),35%,IF(AND(V38="2",R38>=7),35%,IF(AND(V38="2",R38<7),25%,25%))))))))))))))))))))))))) -> 0.25 | X38: ='DL 1'!E39 -> 0 | Y38: ='DL 1'!G39 -> 0 | AC38: =IFERROR(VLOOKUP(Y38,Data!$G$65:$L$69,2,0) *X38,"") | AD38: =SUM(AC38) -> 0 | AE38: ='DL 1'!F39 -> 0 | AF38: =IFERROR(VLOOKUP(Y38,Data!$G$65:$K$79,4,0),"") | AG38: =#REF! -> #REF! | AK38: =IF(G38<1,0,IF(G38<12000000,1,IF(AND(G38>=12000000,G38<25000000),2,IF(AND(G38>=25000000,G38<50000000),3,IF(AND(G38>=50000000),4,))))) -> 0 | AL38: =IF(AND(S38<12,Y38="A"),0.9,IF(AND(S38<12,Y38="B"),0.7,IF(AND(S38<12,Y38="C"),0,IF(AND(S38<12,Y38="D"),0,IF(AND(S38>=12,S38<15,Y38="A"),1.2,IF(AND(S38>=12,S38<15,Y38="B"),1,IF(AND(S38>=12,S38<15,Y38="C"),0.1,IF(AND(S38>=12,S38<15,Y38="D"),0,IF(AND(S38>=15,S38<18,Y38="A"),1.3,IF(AND(S38>=15,S38<18,Y38="B"),1.1,IF(AND(S38>=15,S38<18,Y38="C"),0.3,IF(AND(S38>=15,S38<18,Y38="D"),0,IF(AND(S38>=18,S38<24,Y38="A"),1.5,IF(AND(S38>=18,S38<24,Y38="B"),1.3,IF(AND(S38>=18,S38<24,Y38="C"),0.4,IF(AND(S38>=18,S38<24,Y38="D"),0,IF(AND(S38>=24,Y38="A"),1.6,IF(AND(S38>=24,Y38="B"),1.4,IF(AND(S38>=24,Y38="C"),0.5,IF(AND(S38>=24,Y38="D"),0,)))))))))))))))))))) -> 0 | AM38: =X38*(AL38/100) -> 0 | AN38: =Q38 -> FALSE
A39: =IF(D39="A",_xlfn.IFNA(INDEX(Data!$H$24:$J$28,MATCH('DL 1'!E40,Data!$G$24:$G$28,1),MATCH('DL 1'!D40,Data!$H$23:$J$23,1)),0),0) -> 0 | B39: =IF('DL 1'!F40="Y",Q39,0) -> 0 | C39: =_xlfn.IFNA(INDEX(Data!$H$24:$J$28,MATCH(#REF!,Data!$G$24:$G$28,1),MATCH(#REF!,Data!$H$23:$J$23,1)),0) -> #REF! | D39: =RIGHT(TRIM('DL 1'!G40),1) | E39: ='DL 1'!E40*'DL 1'!D40 -> 0 | F39: =_xlfn.IFNA(VLOOKUP(TRIM('DL 1'!G40),Data!$A:$C,3,0),"") | G39: ='DL 1'!E40 -> 0 | H39: =_xlfn.IFNA(VLOOKUP(TRIM('DL 1'!G40),Data!$A:$D,4,0),0) -> 0 | I39: =_xlfn.IFNA(INDEX(Data!$G$5:$K$10,MATCH('DL 1'!D40,Data!$F$5:$F$10,1),MATCH(_xlfn.SINGLE(#REF!),Data!$G$4:$K$4,1)),0) -> 0 | J39: =_xlfn.IFNA(IF(VLOOKUP(TRIM('DL 1'!G40),Data!$A:$C,3,0)="ST1",H39*I39*G39,IF(VLOOKUP(TRIM('DL 1'!G40),Data!$A:$C,3,0)="IR0",H39*G39,MIN(H39:I39)*G39)),0) -> 0 | K39: =_xlfn.IFNA(VLOOKUP(TRIM(#REF!),Data!$A:$D,4,0)*#REF!,0) -> #REF! | L39: =IF(TRIM('DL 1'!G40)="EDCLNHT0IRNLI",20000,0) -> 0 | M39: =IF(ISERROR(MATCH('DL 1'!A40,#REF!,0)),0,J39*2) -> 0 | N39: =#REF! -> #REF! | O39: =_xlfn.IFNA(VLOOKUP(RIGHT(VLOOKUP(TRIM('DL 1'!G40),Data!$A:$B,2,0),1),Data!$L$23:$M$30,2,0),0) -> 0 | P39: =IF(G39<1,0,IF(G39<12000000,1,IF(AND(G39>=12000000,G39<25000000),2,IF(AND(G39>=25000000,G39<50000000),3,IF(AND(G39>=50000000),4,))))) -> 0 | Q39: =IF(AND(P39=1,S39<15),10000,IF(AND(P39=1,S39>=15,S39<18),15000,IF(AND(P39=1,S39>=18),20000,(IF(AND(P39=2,S39<15),18000,IF(AND(P39=2,S39>=15,S39<18),23000,IF(AND(P39=2,S39>=18),28000,IF(AND(P39=3,S39<15),26000,IF(AND(P39=3,S39>=15,S39<18),31000,IF(AND(P39=3,S39>=18),36000,IF(AND(P39=4,S39<15),34000,IF(AND(P39=4,S39>=15,S39<18),39000,IF(AND(P39=4,S39>=18),44000))))))))))))) -> FALSE | R39: =INCENTIVE!$E$8 -> 130000000 | S39: ='DL 1'!D40 -> 0 | T39: =(IF(S39>=24,"5",IF(S39>=18,"4",IF(S39>=15,"3",IF(S39>=12,"2","1"))))) -> 1 | V39: =(IF(S39>=12,"6",IF(S39>=9,"5",IF(S39>=8,"4",IF(S39>=7,"3",IF(S39=6,"2","1")))))) -> 1 | W39: =IF(AND(V39="6",R39>=7.7),115%,IF(AND(V39="6",R39>=7.5),105%,IF(AND(V39="6",R39>=7.3),100%,IF(AND(V39="6",R39>=7),100%,IF(AND(V39="6",R39<7),100%,IF(AND(V39="5",R39>=7.7),110%,IF(AND(V39="5",R39>=7.5),100%,IF(AND(V39="5",R39>=7.3),100%,IF(AND(V39="5",R39>=7),100%,IF(AND(V39="5",R39<7),100%,IF(AND(V39="4",R39>=7.7),105%,IF(AND(V39="4",R39>=7.5),100%,IF(AND(V39="4",R39>=7.3),95%,IF(AND(V39="4",R39>=7),90%,IF(AND(V39="4",R39<7),80%,IF(AND(V39="3",R39>=7.7),100%,IF(AND(V39="3",R39>=7.5),90%,IF(AND(V39="3",R39>=7.3),80%,IF(AND(V39="3",R39>=7),70%,IF(AND(V39="3",R39<7),60%,IF(AND(V39="2",R39>=7.7),60%,IF(AND(V39="2",R39>=7.5),50%,IF(AND(V39="2",R39>=7.3),35%,IF(AND(V39="2",R39>=7),35%,IF(AND(V39="2",R39<7),25%,25%))))))))))))))))))))))))) -> 0.25 | X39: ='DL 1'!E40 -> 0 | Y39: ='DL 1'!G40 -> 0 | AC39: =IFERROR(VLOOKUP(Y39,Data!$G$65:$L$69,2,0) *X39,"") | AD39: =SUM(AC39) -> 0 | AE39: ='DL 1'!F40 -> 0 | AF39: =IFERROR(VLOOKUP(Y39,Data!$G$65:$K$79,4,0),"") | AG39: =#REF! -> #REF! | AK39: =IF(G39<1,0,IF(G39<12000000,1,IF(AND(G39>=12000000,G39<25000000),2,IF(AND(G39>=25000000,G39<50000000),3,IF(AND(G39>=50000000),4,))))) -> 0 | AL39: =IF(AND(S39<12,Y39="A"),0.9,IF(AND(S39<12,Y39="B"),0.7,IF(AND(S39<12,Y39="C"),0,IF(AND(S39<12,Y39="D"),0,IF(AND(S39>=12,S39<15,Y39="A"),1.2,IF(AND(S39>=12,S39<15,Y39="B"),1,IF(AND(S39>=12,S39<15,Y39="C"),0.1,IF(AND(S39>=12,S39<15,Y39="D"),0,IF(AND(S39>=15,S39<18,Y39="A"),1.3,IF(AND(S39>=15,S39<18,Y39="B"),1.1,IF(AND(S39>=15,S39<18,Y39="C"),0.3,IF(AND(S39>=15,S39<18,Y39="D"),0,IF(AND(S39>=18,S39<24,Y39="A"),1.5,IF(AND(S39>=18,S39<24,Y39="B"),1.3,IF(AND(S39>=18,S39<24,Y39="C"),0.4,IF(AND(S39>=18,S39<24,Y39="D"),0,IF(AND(S39>=24,Y39="A"),1.6,IF(AND(S39>=24,Y39="B"),1.4,IF(AND(S39>=24,Y39="C"),0.5,IF(AND(S39>=24,Y39="D"),0,)))))))))))))))))))) -> 0 | AM39: =X39*(AL39/100) -> 0 | AN39: =Q39 -> FALSE
A40: =IF(D40="A",_xlfn.IFNA(INDEX(Data!$H$24:$J$28,MATCH('DL 1'!E41,Data!$G$24:$G$28,1),MATCH('DL 1'!D41,Data!$H$23:$J$23,1)),0),0) -> 0 | B40: =IF('DL 1'!F41="Y",Q40,0) -> 0 | C40: =_xlfn.IFNA(INDEX(Data!$H$24:$J$28,MATCH(#REF!,Data!$G$24:$G$28,1),MATCH(#REF!,Data!$H$23:$J$23,1)),0) -> #REF! | D40: =RIGHT(TRIM('DL 1'!G41),1) | E40: ='DL 1'!E41*'DL 1'!D41 -> 0 | F40: =_xlfn.IFNA(VLOOKUP(TRIM('DL 1'!G41),Data!$A:$C,3,0),"") | G40: ='DL 1'!E41 -> 0 | H40: =_xlfn.IFNA(VLOOKUP(TRIM('DL 1'!G41),Data!$A:$D,4,0),0) -> 0 | I40: =_xlfn.IFNA(INDEX(Data!$G$5:$K$10,MATCH('DL 1'!D41,Data!$F$5:$F$10,1),MATCH(_xlfn.SINGLE(#REF!),Data!$G$4:$K$4,1)),0) -> 0 | J40: =_xlfn.IFNA(IF(VLOOKUP(TRIM('DL 1'!G41),Data!$A:$C,3,0)="ST1",H40*I40*G40,IF(VLOOKUP(TRIM('DL 1'!G41),Data!$A:$C,3,0)="IR0",H40*G40,MIN(H40:I40)*G40)),0) -> 0 | K40: =_xlfn.IFNA(VLOOKUP(TRIM(#REF!),Data!$A:$D,4,0)*#REF!,0) -> #REF! | L40: =IF(TRIM('DL 1'!G41)="EDCLNHT0IRNLI",20000,0) -> 0 | M40: =IF(ISERROR(MATCH('DL 1'!A41,#REF!,0)),0,J40*2) -> 0 | N40: =#REF! -> #REF! | O40: =_xlfn.IFNA(VLOOKUP(RIGHT(VLOOKUP(TRIM('DL 1'!G41),Data!$A:$B,2,0),1),Data!$L$23:$M$30,2,0),0) -> 0 | P40: =IF(G40<1,0,IF(G40<12000000,1,IF(AND(G40>=12000000,G40<25000000),2,IF(AND(G40>=25000000,G40<50000000),3,IF(AND(G40>=50000000),4,))))) -> 0 | Q40: =IF(AND(P40=1,S40<15),10000,IF(AND(P40=1,S40>=15,S40<18),15000,IF(AND(P40=1,S40>=18),20000,(IF(AND(P40=2,S40<15),18000,IF(AND(P40=2,S40>=15,S40<18),23000,IF(AND(P40=2,S40>=18),28000,IF(AND(P40=3,S40<15),26000,IF(AND(P40=3,S40>=15,S40<18),31000,IF(AND(P40=3,S40>=18),36000,IF(AND(P40=4,S40<15),34000,IF(AND(P40=4,S40>=15,S40<18),39000,IF(AND(P40=4,S40>=18),44000))))))))))))) -> FALSE | R40: =INCENTIVE!$E$8 -> 130000000 | S40: ='DL 1'!D41 -> 0 | T40: =(IF(S40>=24,"5",IF(S40>=18,"4",IF(S40>=15,"3",IF(S40>=12,"2","1"))))) -> 1 | V40: =(IF(S40>=12,"6",IF(S40>=9,"5",IF(S40>=8,"4",IF(S40>=7,"3",IF(S40=6,"2","1")))))) -> 1 | W40: =IF(AND(V40="6",R40>=7.7),115%,IF(AND(V40="6",R40>=7.5),105%,IF(AND(V40="6",R40>=7.3),100%,IF(AND(V40="6",R40>=7),100%,IF(AND(V40="6",R40<7),100%,IF(AND(V40="5",R40>=7.7),110%,IF(AND(V40="5",R40>=7.5),100%,IF(AND(V40="5",R40>=7.3),100%,IF(AND(V40="5",R40>=7),100%,IF(AND(V40="5",R40<7),100%,IF(AND(V40="4",R40>=7.7),105%,IF(AND(V40="4",R40>=7.5),100%,IF(AND(V40="4",R40>=7.3),95%,IF(AND(V40="4",R40>=7),90%,IF(AND(V40="4",R40<7),80%,IF(AND(V40="3",R40>=7.7),100%,IF(AND(V40="3",R40>=7.5),90%,IF(AND(V40="3",R40>=7.3),80%,IF(AND(V40="3",R40>=7),70%,IF(AND(V40="3",R40<7),60%,IF(AND(V40="2",R40>=7.7),60%,IF(AND(V40="2",R40>=7.5),50%,IF(AND(V40="2",R40>=7.3),35%,IF(AND(V40="2",R40>=7),35%,IF(AND(V40="2",R40<7),25%,25%))))))))))))))))))))))))) -> 0.25 | X40: ='DL 1'!E41 -> 0 | Y40: ='DL 1'!G41 -> 0 | AC40: =IFERROR(VLOOKUP(Y40,Data!$G$65:$L$69,2,0) *X40,"") | AD40: =SUM(AC40) -> 0 | AE40: ='DL 1'!F41 -> 0 | AF40: =IFERROR(VLOOKUP(Y40,Data!$G$65:$K$79,4,0),"") | AG40: =#REF! -> #REF! | AK40: =IF(G40<1,0,IF(G40<12000000,1,IF(AND(G40>=12000000,G40<25000000),2,IF(AND(G40>=25000000,G40<50000000),3,IF(AND(G40>=50000000),4,))))) -> 0 | AL40: =IF(AND(S40<12,Y40="A"),0.9,IF(AND(S40<12,Y40="B"),0.7,IF(AND(S40<12,Y40="C"),0,IF(AND(S40<12,Y40="D"),0,IF(AND(S40>=12,S40<15,Y40="A"),1.2,IF(AND(S40>=12,S40<15,Y40="B"),1,IF(AND(S40>=12,S40<15,Y40="C"),0.1,IF(AND(S40>=12,S40<15,Y40="D"),0,IF(AND(S40>=15,S40<18,Y40="A"),1.3,IF(AND(S40>=15,S40<18,Y40="B"),1.1,IF(AND(S40>=15,S40<18,Y40="C"),0.3,IF(AND(S40>=15,S40<18,Y40="D"),0,IF(AND(S40>=18,S40<24,Y40="A"),1.5,IF(AND(S40>=18,S40<24,Y40="B"),1.3,IF(AND(S40>=18,S40<24,Y40="C"),0.4,IF(AND(S40>=18,S40<24,Y40="D"),0,IF(AND(S40>=24,Y40="A"),1.6,IF(AND(S40>=24,Y40="B"),1.4,IF(AND(S40>=24,Y40="C"),0.5,IF(AND(S40>=24,Y40="D"),0,)))))))))))))))))))) -> 0 | AM40: =X40*(AL40/100) -> 0 | AN40: =Q40 -> FALSE
A41: =IF(D41="A",_xlfn.IFNA(INDEX(Data!$H$24:$J$28,MATCH('DL 1'!E42,Data!$G$24:$G$28,1),MATCH('DL 1'!D42,Data!$H$23:$J$23,1)),0),0) -> 0 | B41: =IF('DL 1'!F42="Y",Q41,0) -> 0 | C41: =_xlfn.IFNA(INDEX(Data!$H$24:$J$28,MATCH(#REF!,Data!$G$24:$G$28,1),MATCH(#REF!,Data!$H$23:$J$23,1)),0) -> #REF! | D41: =RIGHT(TRIM('DL 1'!G42),1) | E41: ='DL 1'!E42*'DL 1'!D42 -> 0 | F41: =_xlfn.IFNA(VLOOKUP(TRIM('DL 1'!G42),Data!$A:$C,3,0),"") | G41: ='DL 1'!E42 -> 0 | H41: =_xlfn.IFNA(VLOOKUP(TRIM('DL 1'!G42),Data!$A:$D,4,0),0) -> 0 | I41: =_xlfn.IFNA(INDEX(Data!$G$5:$K$10,MATCH('DL 1'!D42,Data!$F$5:$F$10,1),MATCH(_xlfn.SINGLE(#REF!),Data!$G$4:$K$4,1)),0) -> 0 | J41: =_xlfn.IFNA(IF(VLOOKUP(TRIM('DL 1'!G42),Data!$A:$C,3,0)="ST1",H41*I41*G41,IF(VLOOKUP(TRIM('DL 1'!G42),Data!$A:$C,3,0)="IR0",H41*G41,MIN(H41:I41)*G41)),0) -> 0 | K41: =_xlfn.IFNA(VLOOKUP(TRIM(#REF!),Data!$A:$D,4,0)*#REF!,0) -> #REF! | L41: =IF(TRIM('DL 1'!G42)="EDCLNHT0IRNLI",20000,0) -> 0 | M41: =IF(ISERROR(MATCH('DL 1'!A42,#REF!,0)),0,J41*2) -> 0 | N41: =#REF! -> #REF! | O41: =_xlfn.IFNA(VLOOKUP(RIGHT(VLOOKUP(TRIM('DL 1'!G42),Data!$A:$B,2,0),1),Data!$L$23:$M$30,2,0),0) -> 0 | P41: =IF(G41<1,0,IF(G41<12000000,1,IF(AND(G41>=12000000,G41<25000000),2,IF(AND(G41>=25000000,G41<50000000),3,IF(AND(G41>=50000000),4,))))) -> 0 | Q41: =IF(AND(P41=1,S41<15),10000,IF(AND(P41=1,S41>=15,S41<18),15000,IF(AND(P41=1,S41>=18),20000,(IF(AND(P41=2,S41<15),18000,IF(AND(P41=2,S41>=15,S41<18),23000,IF(AND(P41=2,S41>=18),28000,IF(AND(P41=3,S41<15),26000,IF(AND(P41=3,S41>=15,S41<18),31000,IF(AND(P41=3,S41>=18),36000,IF(AND(P41=4,S41<15),34000,IF(AND(P41=4,S41>=15,S41<18),39000,IF(AND(P41=4,S41>=18),44000))))))))))))) -> FALSE | R41: =INCENTIVE!$E$8 -> 130000000 | S41: ='DL 1'!D42 -> 0 | T41: =(IF(S41>=24,"5",IF(S41>=18,"4",IF(S41>=15,"3",IF(S41>=12,"2","1"))))) -> 1 | V41: =(IF(S41>=12,"6",IF(S41>=9,"5",IF(S41>=8,"4",IF(S41>=7,"3",IF(S41=6,"2","1")))))) -> 1 | W41: =IF(AND(V41="6",R41>=7.7),115%,IF(AND(V41="6",R41>=7.5),105%,IF(AND(V41="6",R41>=7.3),100%,IF(AND(V41="6",R41>=7),100%,IF(AND(V41="6",R41<7),100%,IF(AND(V41="5",R41>=7.7),110%,IF(AND(V41="5",R41>=7.5),100%,IF(AND(V41="5",R41>=7.3),100%,IF(AND(V41="5",R41>=7),100%,IF(AND(V41="5",R41<7),100%,IF(AND(V41="4",R41>=7.7),105%,IF(AND(V41="4",R41>=7.5),100%,IF(AND(V41="4",R41>=7.3),95%,IF(AND(V41="4",R41>=7),90%,IF(AND(V41="4",R41<7),80%,IF(AND(V41="3",R41>=7.7),100%,IF(AND(V41="3",R41>=7.5),90%,IF(AND(V41="3",R41>=7.3),80%,IF(AND(V41="3",R41>=7),70%,IF(AND(V41="3",R41<7),60%,IF(AND(V41="2",R41>=7.7),60%,IF(AND(V41="2",R41>=7.5),50%,IF(AND(V41="2",R41>=7.3),35%,IF(AND(V41="2",R41>=7),35%,IF(AND(V41="2",R41<7),25%,25%))))))))))))))))))))))))) -> 0.25 | X41: ='DL 1'!E42 -> 0 | Y41: ='DL 1'!G42 -> 0 | AC41: =IFERROR(VLOOKUP(Y41,Data!$G$65:$L$69,2,0) *X41,"") | AD41: =SUM(AC41) -> 0 | AE41: ='DL 1'!F42 -> 0 | AF41: =IFERROR(VLOOKUP(Y41,Data!$G$65:$K$79,4,0),"") | AG41: =#REF! -> #REF! | AK41: =IF(G41<1,0,IF(G41<12000000,1,IF(AND(G41>=12000000,G41<25000000),2,IF(AND(G41>=25000000,G41<50000000),3,IF(AND(G41>=50000000),4,))))) -> 0 | AL41: =IF(AND(S41<12,Y41="A"),0.9,IF(AND(S41<12,Y41="B"),0.7,IF(AND(S41<12,Y41="C"),0,IF(AND(S41<12,Y41="D"),0,IF(AND(S41>=12,S41<15,Y41="A"),1.2,IF(AND(S41>=12,S41<15,Y41="B"),1,IF(AND(S41>=12,S41<15,Y41="C"),0.1,IF(AND(S41>=12,S41<15,Y41="D"),0,IF(AND(S41>=15,S41<18,Y41="A"),1.3,IF(AND(S41>=15,S41<18,Y41="B"),1.1,IF(AND(S41>=15,S41<18,Y41="C"),0.3,IF(AND(S41>=15,S41<18,Y41="D"),0,IF(AND(S41>=18,S41<24,Y41="A"),1.5,IF(AND(S41>=18,S41<24,Y41="B"),1.3,IF(AND(S41>=18,S41<24,Y41="C"),0.4,IF(AND(S41>=18,S41<24,Y41="D"),0,IF(AND(S41>=24,Y41="A"),1.6,IF(AND(S41>=24,Y41="B"),1.4,IF(AND(S41>=24,Y41="C"),0.5,IF(AND(S41>=24,Y41="D"),0,)))))))))))))))))))) -> 0 | AM41: =X41*(AL41/100) -> 0 | AN41: =Q41 -> FALSE
A42: =IF(D42="A",_xlfn.IFNA(INDEX(Data!$H$24:$J$28,MATCH('DL 1'!E43,Data!$G$24:$G$28,1),MATCH('DL 1'!D43,Data!$H$23:$J$23,1)),0),0) -> 0 | B42: =IF('DL 1'!F43="Y",Q42,0) -> 0 | C42: =_xlfn.IFNA(INDEX(Data!$H$24:$J$28,MATCH(#REF!,Data!$G$24:$G$28,1),MATCH(#REF!,Data!$H$23:$J$23,1)),0) -> #REF! | D42: =RIGHT(TRIM('DL 1'!G43),1) | E42: ='DL 1'!E43*'DL 1'!D43 -> 0 | F42: =_xlfn.IFNA(VLOOKUP(TRIM('DL 1'!G43),Data!$A:$C,3,0),"") | G42: ='DL 1'!E43 -> 0 | H42: =_xlfn.IFNA(VLOOKUP(TRIM('DL 1'!G43),Data!$A:$D,4,0),0) -> 0 | I42: =_xlfn.IFNA(INDEX(Data!$G$5:$K$10,MATCH('DL 1'!D43,Data!$F$5:$F$10,1),MATCH(_xlfn.SINGLE(#REF!),Data!$G$4:$K$4,1)),0) -> 0 | J42: =_xlfn.IFNA(IF(VLOOKUP(TRIM('DL 1'!G43),Data!$A:$C,3,0)="ST1",H42*I42*G42,IF(VLOOKUP(TRIM('DL 1'!G43),Data!$A:$C,3,0)="IR0",H42*G42,MIN(H42:I42)*G42)),0) -> 0 | K42: =_xlfn.IFNA(VLOOKUP(TRIM(#REF!),Data!$A:$D,4,0)*#REF!,0) -> #REF! | L42: =IF(TRIM('DL 1'!G43)="EDCLNHT0IRNLI",20000,0) -> 0 | M42: =IF(ISERROR(MATCH('DL 1'!A43,#REF!,0)),0,J42*2) -> 0 | N42: =#REF! -> #REF! | O42: =_xlfn.IFNA(VLOOKUP(RIGHT(VLOOKUP(TRIM('DL 1'!G43),Data!$A:$B,2,0),1),Data!$L$23:$M$30,2,0),0) -> 0 | P42: =IF(G42<1,0,IF(G42<12000000,1,IF(AND(G42>=12000000,G42<25000000),2,IF(AND(G42>=25000000,G42<50000000),3,IF(AND(G42>=50000000),4,))))) -> 0 | Q42: =IF(AND(P42=1,S42<15),10000,IF(AND(P42=1,S42>=15,S42<18),15000,IF(AND(P42=1,S42>=18),20000,(IF(AND(P42=2,S42<15),18000,IF(AND(P42=2,S42>=15,S42<18),23000,IF(AND(P42=2,S42>=18),28000,IF(AND(P42=3,S42<15),26000,IF(AND(P42=3,S42>=15,S42<18),31000,IF(AND(P42=3,S42>=18),36000,IF(AND(P42=4,S42<15),34000,IF(AND(P42=4,S42>=15,S42<18),39000,IF(AND(P42=4,S42>=18),44000))))))))))))) -> FALSE | R42: =INCENTIVE!$E$8 -> 130000000 | S42: ='DL 1'!D43 -> 0 | T42: =(IF(S42>=24,"5",IF(S42>=18,"4",IF(S42>=15,"3",IF(S42>=12,"2","1"))))) -> 1 | V42: =(IF(S42>=12,"6",IF(S42>=9,"5",IF(S42>=8,"4",IF(S42>=7,"3",IF(S42=6,"2","1")))))) -> 1 | W42: =IF(AND(V42="6",R42>=7.7),115%,IF(AND(V42="6",R42>=7.5),105%,IF(AND(V42="6",R42>=7.3),100%,IF(AND(V42="6",R42>=7),100%,IF(AND(V42="6",R42<7),100%,IF(AND(V42="5",R42>=7.7),110%,IF(AND(V42="5",R42>=7.5),100%,IF(AND(V42="5",R42>=7.3),100%,IF(AND(V42="5",R42>=7),100%,IF(AND(V42="5",R42<7),100%,IF(AND(V42="4",R42>=7.7),105%,IF(AND(V42="4",R42>=7.5),100%,IF(AND(V42="4",R42>=7.3),95%,IF(AND(V42="4",R42>=7),90%,IF(AND(V42="4",R42<7),80%,IF(AND(V42="3",R42>=7.7),100%,IF(AND(V42="3",R42>=7.5),90%,IF(AND(V42="3",R42>=7.3),80%,IF(AND(V42="3",R42>=7),70%,IF(AND(V42="3",R42<7),60%,IF(AND(V42="2",R42>=7.7),60%,IF(AND(V42="2",R42>=7.5),50%,IF(AND(V42="2",R42>=7.3),35%,IF(AND(V42="2",R42>=7),35%,IF(AND(V42="2",R42<7),25%,25%))))))))))))))))))))))))) -> 0.25 | X42: ='DL 1'!E43 -> 0 | Y42: ='DL 1'!G43 -> 0 | AC42: =IFERROR(VLOOKUP(Y42,Data!$G$65:$L$69,2,0) *X42,"") | AD42: =SUM(AC42) -> 0 | AE42: ='DL 1'!F43 -> 0 | AF42: =IFERROR(VLOOKUP(Y42,Data!$G$65:$K$79,4,0),"") | AG42: =#REF! -> #REF! | AK42: =IF(G42<1,0,IF(G42<12000000,1,IF(AND(G42>=12000000,G42<25000000),2,IF(AND(G42>=25000000,G42<50000000),3,IF(AND(G42>=50000000),4,))))) -> 0 | AL42: =IF(AND(S42<12,Y42="A"),0.9,IF(AND(S42<12,Y42="B"),0.7,IF(AND(S42<12,Y42="C"),0,IF(AND(S42<12,Y42="D"),0,IF(AND(S42>=12,S42<15,Y42="A"),1.2,IF(AND(S42>=12,S42<15,Y42="B"),1,IF(AND(S42>=12,S42<15,Y42="C"),0.1,IF(AND(S42>=12,S42<15,Y42="D"),0,IF(AND(S42>=15,S42<18,Y42="A"),1.3,IF(AND(S42>=15,S42<18,Y42="B"),1.1,IF(AND(S42>=15,S42<18,Y42="C"),0.3,IF(AND(S42>=15,S42<18,Y42="D"),0,IF(AND(S42>=18,S42<24,Y42="A"),1.5,IF(AND(S42>=18,S42<24,Y42="B"),1.3,IF(AND(S42>=18,S42<24,Y42="C"),0.4,IF(AND(S42>=18,S42<24,Y42="D"),0,IF(AND(S42>=24,Y42="A"),1.6,IF(AND(S42>=24,Y42="B"),1.4,IF(AND(S42>=24,Y42="C"),0.5,IF(AND(S42>=24,Y42="D"),0,)))))))))))))))))))) -> 0 | AM42: =X42*(AL42/100) -> 0 | AN42: =Q42 -> FALSE
A43: =IF(D43="A",_xlfn.IFNA(INDEX(Data!$H$24:$J$28,MATCH('DL 1'!E44,Data!$G$24:$G$28,1),MATCH('DL 1'!D44,Data!$H$23:$J$23,1)),0),0) -> 0 | B43: =IF('DL 1'!F44="Y",Q43,0) -> 0 | C43: =_xlfn.IFNA(INDEX(Data!$H$24:$J$28,MATCH(#REF!,Data!$G$24:$G$28,1),MATCH(#REF!,Data!$H$23:$J$23,1)),0) -> #REF! | D43: =RIGHT(TRIM('DL 1'!G44),1) | E43: ='DL 1'!E44*'DL 1'!D44 -> 0 | F43: =_xlfn.IFNA(VLOOKUP(TRIM('DL 1'!G44),Data!$A:$C,3,0),"") | G43: ='DL 1'!E44 -> 0 | H43: =_xlfn.IFNA(VLOOKUP(TRIM('DL 1'!G44),Data!$A:$D,4,0),0) -> 0 | I43: =_xlfn.IFNA(INDEX(Data!$G$5:$K$10,MATCH('DL 1'!D44,Data!$F$5:$F$10,1),MATCH(_xlfn.SINGLE(#REF!),Data!$G$4:$K$4,1)),0) -> 0 | J43: =_xlfn.IFNA(IF(VLOOKUP(TRIM('DL 1'!G44),Data!$A:$C,3,0)="ST1",H43*I43*G43,IF(VLOOKUP(TRIM('DL 1'!G44),Data!$A:$C,3,0)="IR0",H43*G43,MIN(H43:I43)*G43)),0) -> 0 | K43: =_xlfn.IFNA(VLOOKUP(TRIM(#REF!),Data!$A:$D,4,0)*#REF!,0) -> #REF! | L43: =IF(TRIM('DL 1'!G44)="EDCLNHT0IRNLI",20000,0) -> 0 | M43: =IF(ISERROR(MATCH('DL 1'!A44,#REF!,0)),0,J43*2) -> 0 | N43: =#REF! -> #REF! | O43: =_xlfn.IFNA(VLOOKUP(RIGHT(VLOOKUP(TRIM('DL 1'!G44),Data!$A:$B,2,0),1),Data!$L$23:$M$30,2,0),0) -> 0 | P43: =IF(G43<1,0,IF(G43<12000000,1,IF(AND(G43>=12000000,G43<25000000),2,IF(AND(G43>=25000000,G43<50000000),3,IF(AND(G43>=50000000),4,))))) -> 0 | Q43: =IF(AND(P43=1,S43<15),10000,IF(AND(P43=1,S43>=15,S43<18),15000,IF(AND(P43=1,S43>=18),20000,(IF(AND(P43=2,S43<15),18000,IF(AND(P43=2,S43>=15,S43<18),23000,IF(AND(P43=2,S43>=18),28000,IF(AND(P43=3,S43<15),26000,IF(AND(P43=3,S43>=15,S43<18),31000,IF(AND(P43=3,S43>=18),36000,IF(AND(P43=4,S43<15),34000,IF(AND(P43=4,S43>=15,S43<18),39000,IF(AND(P43=4,S43>=18),44000))))))))))))) -> FALSE | R43: =INCENTIVE!$E$8 -> 130000000 | S43: ='DL 1'!D44 -> 0 | T43: =(IF(S43>=24,"5",IF(S43>=18,"4",IF(S43>=15,"3",IF(S43>=12,"2","1"))))) -> 1 | V43: =(IF(S43>=12,"6",IF(S43>=9,"5",IF(S43>=8,"4",IF(S43>=7,"3",IF(S43=6,"2","1")))))) -> 1 | W43: =IF(AND(V43="6",R43>=7.7),115%,IF(AND(V43="6",R43>=7.5),105%,IF(AND(V43="6",R43>=7.3),100%,IF(AND(V43="6",R43>=7),100%,IF(AND(V43="6",R43<7),100%,IF(AND(V43="5",R43>=7.7),110%,IF(AND(V43="5",R43>=7.5),100%,IF(AND(V43="5",R43>=7.3),100%,IF(AND(V43="5",R43>=7),100%,IF(AND(V43="5",R43<7),100%,IF(AND(V43="4",R43>=7.7),105%,IF(AND(V43="4",R43>=7.5),100%,IF(AND(V43="4",R43>=7.3),95%,IF(AND(V43="4",R43>=7),90%,IF(AND(V43="4",R43<7),80%,IF(AND(V43="3",R43>=7.7),100%,IF(AND(V43="3",R43>=7.5),90%,IF(AND(V43="3",R43>=7.3),80%,IF(AND(V43="3",R43>=7),70%,IF(AND(V43="3",R43<7),60%,IF(AND(V43="2",R43>=7.7),60%,IF(AND(V43="2",R43>=7.5),50%,IF(AND(V43="2",R43>=7.3),35%,IF(AND(V43="2",R43>=7),35%,IF(AND(V43="2",R43<7),25%,25%))))))))))))))))))))))))) -> 0.25 | X43: ='DL 1'!E44 -> 0 | Y43: ='DL 1'!G44 -> 0 | AC43: =IFERROR(VLOOKUP(Y43,Data!$G$65:$L$69,2,0) *X43,"") | AD43: =SUM(AC43) -> 0 | AE43: ='DL 1'!F44 -> 0 | AF43: =IFERROR(VLOOKUP(Y43,Data!$G$65:$K$79,4,0),"") | AG43: =#REF! -> #REF! | AK43: =IF(G43<1,0,IF(G43<12000000,1,IF(AND(G43>=12000000,G43<25000000),2,IF(AND(G43>=25000000,G43<50000000),3,IF(AND(G43>=50000000),4,))))) -> 0 | AL43: =IF(AND(S43<12,Y43="A"),0.9,IF(AND(S43<12,Y43="B"),0.7,IF(AND(S43<12,Y43="C"),0,IF(AND(S43<12,Y43="D"),0,IF(AND(S43>=12,S43<15,Y43="A"),1.2,IF(AND(S43>=12,S43<15,Y43="B"),1,IF(AND(S43>=12,S43<15,Y43="C"),0.1,IF(AND(S43>=12,S43<15,Y43="D"),0,IF(AND(S43>=15,S43<18,Y43="A"),1.3,IF(AND(S43>=15,S43<18,Y43="B"),1.1,IF(AND(S43>=15,S43<18,Y43="C"),0.3,IF(AND(S43>=15,S43<18,Y43="D"),0,IF(AND(S43>=18,S43<24,Y43="A"),1.5,IF(AND(S43>=18,S43<24,Y43="B"),1.3,IF(AND(S43>=18,S43<24,Y43="C"),0.4,IF(AND(S43>=18,S43<24,Y43="D"),0,IF(AND(S43>=24,Y43="A"),1.6,IF(AND(S43>=24,Y43="B"),1.4,IF(AND(S43>=24,Y43="C"),0.5,IF(AND(S43>=24,Y43="D"),0,)))))))))))))))))))) -> 0 | AM43: =X43*(AL43/100) -> 0 | AN43: =Q43 -> FALSE
A44: =IF(D44="A",_xlfn.IFNA(INDEX(Data!$H$24:$J$28,MATCH('DL 1'!E45,Data!$G$24:$G$28,1),MATCH('DL 1'!D45,Data!$H$23:$J$23,1)),0),0) -> 0 | B44: =IF('DL 1'!F45="Y",Q44,0) -> 0 | C44: =_xlfn.IFNA(INDEX(Data!$H$24:$J$28,MATCH(#REF!,Data!$G$24:$G$28,1),MATCH(#REF!,Data!$H$23:$J$23,1)),0) -> #REF! | D44: =RIGHT(TRIM('DL 1'!G45),1) | E44: ='DL 1'!E45*'DL 1'!D45 -> 0 | F44: =_xlfn.IFNA(VLOOKUP(TRIM('DL 1'!G45),Data!$A:$C,3,0),"") | G44: ='DL 1'!E45 -> 0 | H44: =_xlfn.IFNA(VLOOKUP(TRIM('DL 1'!G45),Data!$A:$D,4,0),0) -> 0 | I44: =_xlfn.IFNA(INDEX(Data!$G$5:$K$10,MATCH('DL 1'!D45,Data!$F$5:$F$10,1),MATCH(_xlfn.SINGLE(#REF!),Data!$G$4:$K$4,1)),0) -> 0 | J44: =_xlfn.IFNA(IF(VLOOKUP(TRIM('DL 1'!G45),Data!$A:$C,3,0)="ST1",H44*I44*G44,IF(VLOOKUP(TRIM('DL 1'!G45),Data!$A:$C,3,0)="IR0",H44*G44,MIN(H44:I44)*G44)),0) -> 0 | K44: =_xlfn.IFNA(VLOOKUP(TRIM(#REF!),Data!$A:$D,4,0)*#REF!,0) -> #REF! | L44: =IF(TRIM('DL 1'!G45)="EDCLNHT0IRNLI",20000,0) -> 0 | M44: =IF(ISERROR(MATCH('DL 1'!A45,#REF!,0)),0,J44*2) -> 0 | N44: =#REF! -> #REF! | O44: =_xlfn.IFNA(VLOOKUP(RIGHT(VLOOKUP(TRIM('DL 1'!G45),Data!$A:$B,2,0),1),Data!$L$23:$M$30,2,0),0) -> 0 | P44: =IF(G44<1,0,IF(G44<12000000,1,IF(AND(G44>=12000000,G44<25000000),2,IF(AND(G44>=25000000,G44<50000000),3,IF(AND(G44>=50000000),4,))))) -> 0 | Q44: =IF(AND(P44=1,S44<15),10000,IF(AND(P44=1,S44>=15,S44<18),15000,IF(AND(P44=1,S44>=18),20000,(IF(AND(P44=2,S44<15),18000,IF(AND(P44=2,S44>=15,S44<18),23000,IF(AND(P44=2,S44>=18),28000,IF(AND(P44=3,S44<15),26000,IF(AND(P44=3,S44>=15,S44<18),31000,IF(AND(P44=3,S44>=18),36000,IF(AND(P44=4,S44<15),34000,IF(AND(P44=4,S44>=15,S44<18),39000,IF(AND(P44=4,S44>=18),44000))))))))))))) -> FALSE | R44: =INCENTIVE!$E$8 -> 130000000 | S44: ='DL 1'!D45 -> 0 | T44: =(IF(S44>=24,"5",IF(S44>=18,"4",IF(S44>=15,"3",IF(S44>=12,"2","1"))))) -> 1 | V44: =(IF(S44>=12,"6",IF(S44>=9,"5",IF(S44>=8,"4",IF(S44>=7,"3",IF(S44=6,"2","1")))))) -> 1 | W44: =IF(AND(V44="6",R44>=7.7),115%,IF(AND(V44="6",R44>=7.5),105%,IF(AND(V44="6",R44>=7.3),100%,IF(AND(V44="6",R44>=7),100%,IF(AND(V44="6",R44<7),100%,IF(AND(V44="5",R44>=7.7),110%,IF(AND(V44="5",R44>=7.5),100%,IF(AND(V44="5",R44>=7.3),100%,IF(AND(V44="5",R44>=7),100%,IF(AND(V44="5",R44<7),100%,IF(AND(V44="4",R44>=7.7),105%,IF(AND(V44="4",R44>=7.5),100%,IF(AND(V44="4",R44>=7.3),95%,IF(AND(V44="4",R44>=7),90%,IF(AND(V44="4",R44<7),80%,IF(AND(V44="3",R44>=7.7),100%,IF(AND(V44="3",R44>=7.5),90%,IF(AND(V44="3",R44>=7.3),80%,IF(AND(V44="3",R44>=7),70%,IF(AND(V44="3",R44<7),60%,IF(AND(V44="2",R44>=7.7),60%,IF(AND(V44="2",R44>=7.5),50%,IF(AND(V44="2",R44>=7.3),35%,IF(AND(V44="2",R44>=7),35%,IF(AND(V44="2",R44<7),25%,25%))))))))))))))))))))))))) -> 0.25 | X44: ='DL 1'!E45 -> 0 | Y44: ='DL 1'!G45 -> 0 | AC44: =IFERROR(VLOOKUP(Y44,Data!$G$65:$L$69,2,0) *X44,"") | AD44: =SUM(AC44) -> 0 | AE44: ='DL 1'!F45 -> 0 | AF44: =IFERROR(VLOOKUP(Y44,Data!$G$65:$K$79,4,0),"") | AG44: =#REF! -> #REF! | AK44: =IF(G44<1,0,IF(G44<12000000,1,IF(AND(G44>=12000000,G44<25000000),2,IF(AND(G44>=25000000,G44<50000000),3,IF(AND(G44>=50000000),4,))))) -> 0 | AL44: =IF(AND(S44<12,Y44="A"),0.9,IF(AND(S44<12,Y44="B"),0.7,IF(AND(S44<12,Y44="C"),0,IF(AND(S44<12,Y44="D"),0,IF(AND(S44>=12,S44<15,Y44="A"),1.2,IF(AND(S44>=12,S44<15,Y44="B"),1,IF(AND(S44>=12,S44<15,Y44="C"),0.1,IF(AND(S44>=12,S44<15,Y44="D"),0,IF(AND(S44>=15,S44<18,Y44="A"),1.3,IF(AND(S44>=15,S44<18,Y44="B"),1.1,IF(AND(S44>=15,S44<18,Y44="C"),0.3,IF(AND(S44>=15,S44<18,Y44="D"),0,IF(AND(S44>=18,S44<24,Y44="A"),1.5,IF(AND(S44>=18,S44<24,Y44="B"),1.3,IF(AND(S44>=18,S44<24,Y44="C"),0.4,IF(AND(S44>=18,S44<24,Y44="D"),0,IF(AND(S44>=24,Y44="A"),1.6,IF(AND(S44>=24,Y44="B"),1.4,IF(AND(S44>=24,Y44="C"),0.5,IF(AND(S44>=24,Y44="D"),0,)))))))))))))))))))) -> 0 | AM44: =X44*(AL44/100) -> 0 | AN44: =Q44 -> FALSE
A45: =IF(D45="A",_xlfn.IFNA(INDEX(Data!$H$24:$J$28,MATCH('DL 1'!E46,Data!$G$24:$G$28,1),MATCH('DL 1'!D46,Data!$H$23:$J$23,1)),0),0) -> 0 | B45: =IF('DL 1'!F46="Y",Q45,0) -> 0 | C45: =_xlfn.IFNA(INDEX(Data!$H$24:$J$28,MATCH(#REF!,Data!$G$24:$G$28,1),MATCH(#REF!,Data!$H$23:$J$23,1)),0) -> #REF! | D45: =RIGHT(TRIM('DL 1'!G46),1) | E45: ='DL 1'!E46*'DL 1'!D46 -> 0 | F45: =_xlfn.IFNA(VLOOKUP(TRIM('DL 1'!G46),Data!$A:$C,3,0),"") | G45: ='DL 1'!E46 -> 0 | H45: =_xlfn.IFNA(VLOOKUP(TRIM('DL 1'!G46),Data!$A:$D,4,0),0) -> 0 | I45: =_xlfn.IFNA(INDEX(Data!$G$5:$K$10,MATCH('DL 1'!D46,Data!$F$5:$F$10,1),MATCH(_xlfn.SINGLE(#REF!),Data!$G$4:$K$4,1)),0) -> 0 | J45: =_xlfn.IFNA(IF(VLOOKUP(TRIM('DL 1'!G46),Data!$A:$C,3,0)="ST1",H45*I45*G45,IF(VLOOKUP(TRIM('DL 1'!G46),Data!$A:$C,3,0)="IR0",H45*G45,MIN(H45:I45)*G45)),0) -> 0 | K45: =_xlfn.IFNA(VLOOKUP(TRIM(#REF!),Data!$A:$D,4,0)*#REF!,0) -> #REF! | L45: =IF(TRIM('DL 1'!G46)="EDCLNHT0IRNLI",20000,0) -> 0 | M45: =IF(ISERROR(MATCH('DL 1'!A46,#REF!,0)),0,J45*2) -> 0 | N45: =#REF! -> #REF! | O45: =_xlfn.IFNA(VLOOKUP(RIGHT(VLOOKUP(TRIM('DL 1'!G46),Data!$A:$B,2,0),1),Data!$L$23:$M$30,2,0),0) -> 0 | P45: =IF(G45<1,0,IF(G45<12000000,1,IF(AND(G45>=12000000,G45<25000000),2,IF(AND(G45>=25000000,G45<50000000),3,IF(AND(G45>=50000000),4,))))) -> 0 | Q45: =IF(AND(P45=1,S45<15),10000,IF(AND(P45=1,S45>=15,S45<18),15000,IF(AND(P45=1,S45>=18),20000,(IF(AND(P45=2,S45<15),18000,IF(AND(P45=2,S45>=15,S45<18),23000,IF(AND(P45=2,S45>=18),28000,IF(AND(P45=3,S45<15),26000,IF(AND(P45=3,S45>=15,S45<18),31000,IF(AND(P45=3,S45>=18),36000,IF(AND(P45=4,S45<15),34000,IF(AND(P45=4,S45>=15,S45<18),39000,IF(AND(P45=4,S45>=18),44000))))))))))))) -> FALSE | R45: =INCENTIVE!$E$8 -> 130000000 | S45: ='DL 1'!D46 -> 0 | T45: =(IF(S45>=24,"5",IF(S45>=18,"4",IF(S45>=15,"3",IF(S45>=12,"2","1"))))) -> 1 | V45: =(IF(S45>=12,"6",IF(S45>=9,"5",IF(S45>=8,"4",IF(S45>=7,"3",IF(S45=6,"2","1")))))) -> 1 | W45: =IF(AND(V45="6",R45>=7.7),115%,IF(AND(V45="6",R45>=7.5),105%,IF(AND(V45="6",R45>=7.3),100%,IF(AND(V45="6",R45>=7),100%,IF(AND(V45="6",R45<7),100%,IF(AND(V45="5",R45>=7.7),110%,IF(AND(V45="5",R45>=7.5),100%,IF(AND(V45="5",R45>=7.3),100%,IF(AND(V45="5",R45>=7),100%,IF(AND(V45="5",R45<7),100%,IF(AND(V45="4",R45>=7.7),105%,IF(AND(V45="4",R45>=7.5),100%,IF(AND(V45="4",R45>=7.3),95%,IF(AND(V45="4",R45>=7),90%,IF(AND(V45="4",R45<7),80%,IF(AND(V45="3",R45>=7.7),100%,IF(AND(V45="3",R45>=7.5),90%,IF(AND(V45="3",R45>=7.3),80%,IF(AND(V45="3",R45>=7),70%,IF(AND(V45="3",R45<7),60%,IF(AND(V45="2",R45>=7.7),60%,IF(AND(V45="2",R45>=7.5),50%,IF(AND(V45="2",R45>=7.3),35%,IF(AND(V45="2",R45>=7),35%,IF(AND(V45="2",R45<7),25%,25%))))))))))))))))))))))))) -> 0.25 | X45: ='DL 1'!E46 -> 0 | Y45: ='DL 1'!G46 -> 0 | AC45: =IFERROR(VLOOKUP(Y45,Data!$G$65:$L$69,2,0) *X45,"") | AD45: =SUM(AC45) -> 0 | AE45: ='DL 1'!F46 -> 0 | AF45: =IFERROR(VLOOKUP(Y45,Data!$G$65:$K$79,4,0),"") | AG45: =#REF! -> #REF! | AK45: =IF(G45<1,0,IF(G45<12000000,1,IF(AND(G45>=12000000,G45<25000000),2,IF(AND(G45>=25000000,G45<50000000),3,IF(AND(G45>=50000000),4,))))) -> 0 | AL45: =IF(AND(S45<12,Y45="A"),0.9,IF(AND(S45<12,Y45="B"),0.7,IF(AND(S45<12,Y45="C"),0,IF(AND(S45<12,Y45="D"),0,IF(AND(S45>=12,S45<15,Y45="A"),1.2,IF(AND(S45>=12,S45<15,Y45="B"),1,IF(AND(S45>=12,S45<15,Y45="C"),0.1,IF(AND(S45>=12,S45<15,Y45="D"),0,IF(AND(S45>=15,S45<18,Y45="A"),1.3,IF(AND(S45>=15,S45<18,Y45="B"),1.1,IF(AND(S45>=15,S45<18,Y45="C"),0.3,IF(AND(S45>=15,S45<18,Y45="D"),0,IF(AND(S45>=18,S45<24,Y45="A"),1.5,IF(AND(S45>=18,S45<24,Y45="B"),1.3,IF(AND(S45>=18,S45<24,Y45="C"),0.4,IF(AND(S45>=18,S45<24,Y45="D"),0,IF(AND(S45>=24,Y45="A"),1.6,IF(AND(S45>=24,Y45="B"),1.4,IF(AND(S45>=24,Y45="C"),0.5,IF(AND(S45>=24,Y45="D"),0,)))))))))))))))))))) -> 0 | AM45: =X45*(AL45/100) -> 0 | AN45: =Q45 -> FALSE
A46: =IF(D46="A",_xlfn.IFNA(INDEX(Data!$H$24:$J$28,MATCH('DL 1'!E47,Data!$G$24:$G$28,1),MATCH('DL 1'!D47,Data!$H$23:$J$23,1)),0),0) -> 0 | B46: =IF('DL 1'!F47="Y",Q46,0) -> 0 | C46: =_xlfn.IFNA(INDEX(Data!$H$24:$J$28,MATCH(#REF!,Data!$G$24:$G$28,1),MATCH(#REF!,Data!$H$23:$J$23,1)),0) -> #REF! | D46: =RIGHT(TRIM('DL 1'!G47),1) | E46: ='DL 1'!E47*'DL 1'!D47 -> 0 | F46: =_xlfn.IFNA(VLOOKUP(TRIM('DL 1'!G47),Data!$A:$C,3,0),"") | G46: ='DL 1'!E47 -> 0 | H46: =_xlfn.IFNA(VLOOKUP(TRIM('DL 1'!G47),Data!$A:$D,4,0),0) -> 0 | I46: =_xlfn.IFNA(INDEX(Data!$G$5:$K$10,MATCH('DL 1'!D47,Data!$F$5:$F$10,1),MATCH(_xlfn.SINGLE(#REF!),Data!$G$4:$K$4,1)),0) -> 0 | J46: =_xlfn.IFNA(IF(VLOOKUP(TRIM('DL 1'!G47),Data!$A:$C,3,0)="ST1",H46*I46*G46,IF(VLOOKUP(TRIM('DL 1'!G47),Data!$A:$C,3,0)="IR0",H46*G46,MIN(H46:I46)*G46)),0) -> 0 | K46: =_xlfn.IFNA(VLOOKUP(TRIM(#REF!),Data!$A:$D,4,0)*#REF!,0) -> #REF! | L46: =IF(TRIM('DL 1'!G47)="EDCLNHT0IRNLI",20000,0) -> 0 | M46: =IF(ISERROR(MATCH('DL 1'!A47,#REF!,0)),0,J46*2) -> 0 | N46: =#REF! -> #REF! | O46: =_xlfn.IFNA(VLOOKUP(RIGHT(VLOOKUP(TRIM('DL 1'!G47),Data!$A:$B,2,0),1),Data!$L$23:$M$30,2,0),0) -> 0 | P46: =IF(G46<1,0,IF(G46<12000000,1,IF(AND(G46>=12000000,G46<25000000),2,IF(AND(G46>=25000000,G46<50000000),3,IF(AND(G46>=50000000),4,))))) -> 0 | Q46: =IF(AND(P46=1,S46<15),10000,IF(AND(P46=1,S46>=15,S46<18),15000,IF(AND(P46=1,S46>=18),20000,(IF(AND(P46=2,S46<15),18000,IF(AND(P46=2,S46>=15,S46<18),23000,IF(AND(P46=2,S46>=18),28000,IF(AND(P46=3,S46<15),26000,IF(AND(P46=3,S46>=15,S46<18),31000,IF(AND(P46=3,S46>=18),36000,IF(AND(P46=4,S46<15),34000,IF(AND(P46=4,S46>=15,S46<18),39000,IF(AND(P46=4,S46>=18),44000))))))))))))) -> FALSE | R46: =INCENTIVE!$E$8 -> 130000000 | S46: ='DL 1'!D47 -> 0 | T46: =(IF(S46>=24,"5",IF(S46>=18,"4",IF(S46>=15,"3",IF(S46>=12,"2","1"))))) -> 1 | V46: =(IF(S46>=12,"6",IF(S46>=9,"5",IF(S46>=8,"4",IF(S46>=7,"3",IF(S46=6,"2","1")))))) -> 1 | W46: =IF(AND(V46="6",R46>=7.7),115%,IF(AND(V46="6",R46>=7.5),105%,IF(AND(V46="6",R46>=7.3),100%,IF(AND(V46="6",R46>=7),100%,IF(AND(V46="6",R46<7),100%,IF(AND(V46="5",R46>=7.7),110%,IF(AND(V46="5",R46>=7.5),100%,IF(AND(V46="5",R46>=7.3),100%,IF(AND(V46="5",R46>=7),100%,IF(AND(V46="5",R46<7),100%,IF(AND(V46="4",R46>=7.7),105%,IF(AND(V46="4",R46>=7.5),100%,IF(AND(V46="4",R46>=7.3),95%,IF(AND(V46="4",R46>=7),90%,IF(AND(V46="4",R46<7),80%,IF(AND(V46="3",R46>=7.7),100%,IF(AND(V46="3",R46>=7.5),90%,IF(AND(V46="3",R46>=7.3),80%,IF(AND(V46="3",R46>=7),70%,IF(AND(V46="3",R46<7),60%,IF(AND(V46="2",R46>=7.7),60%,IF(AND(V46="2",R46>=7.5),50%,IF(AND(V46="2",R46>=7.3),35%,IF(AND(V46="2",R46>=7),35%,IF(AND(V46="2",R46<7),25%,25%))))))))))))))))))))))))) -> 0.25 | X46: ='DL 1'!E47 -> 0 | Y46: ='DL 1'!G47 -> 0 | AC46: =IFERROR(VLOOKUP(Y46,Data!$G$65:$L$69,2,0) *X46,"") | AD46: =SUM(AC46) -> 0 | AE46: ='DL 1'!F47 -> 0 | AF46: =IFERROR(VLOOKUP(Y46,Data!$G$65:$K$79,4,0),"") | AG46: =#REF! -> #REF! | AK46: =IF(G46<1,0,IF(G46<12000000,1,IF(AND(G46>=12000000,G46<25000000),2,IF(AND(G46>=25000000,G46<50000000),3,IF(AND(G46>=50000000),4,))))) -> 0 | AL46: =IF(AND(S46<12,Y46="A"),0.9,IF(AND(S46<12,Y46="B"),0.7,IF(AND(S46<12,Y46="C"),0,IF(AND(S46<12,Y46="D"),0,IF(AND(S46>=12,S46<15,Y46="A"),1.2,IF(AND(S46>=12,S46<15,Y46="B"),1,IF(AND(S46>=12,S46<15,Y46="C"),0.1,IF(AND(S46>=12,S46<15,Y46="D"),0,IF(AND(S46>=15,S46<18,Y46="A"),1.3,IF(AND(S46>=15,S46<18,Y46="B"),1.1,IF(AND(S46>=15,S46<18,Y46="C"),0.3,IF(AND(S46>=15,S46<18,Y46="D"),0,IF(AND(S46>=18,S46<24,Y46="A"),1.5,IF(AND(S46>=18,S46<24,Y46="B"),1.3,IF(AND(S46>=18,S46<24,Y46="C"),0.4,IF(AND(S46>=18,S46<24,Y46="D"),0,IF(AND(S46>=24,Y46="A"),1.6,IF(AND(S46>=24,Y46="B"),1.4,IF(AND(S46>=24,Y46="C"),0.5,IF(AND(S46>=24,Y46="D"),0,)))))))))))))))))))) -> 0 | AM46: =X46*(AL46/100) -> 0 | AN46: =Q46 -> FALSE
... A114: =IF(D114="A",_xlfn.IFNA(INDEX(Data!$H$24:$J$28,MATCH('DL 1'!E115,Data!$G$24:$G$28,1),MATCH('DL 1'!D115,Data!$H$23:$J$23,1)),0),0) -> 0 | B114: =IF('DL 1'!F115="Y",Q114,0) -> 0 | C114: =_xlfn.IFNA(INDEX(Data!$H$24:$J$28,MATCH(#REF!,Data!$G$24:$G$28,1),MATCH(#REF!,Data!$H$23:$J$23,1)),0) -> #REF! | D114: =RIGHT(TRIM('DL 1'!G115),1) | E114: ='DL 1'!E115*'DL 1'!D115 -> 0 | F114: =_xlfn.IFNA(VLOOKUP(TRIM('DL 1'!G115),Data!$A:$C,3,0),"") | G114: ='DL 1'!E115 -> 0 | H114: =_xlfn.IFNA(VLOOKUP(TRIM('DL 1'!G115),Data!$A:$D,4,0),0) -> 0 | I114: =_xlfn.IFNA(INDEX(Data!$G$5:$K$10,MATCH('DL 1'!D115,Data!$F$5:$F$10,1),MATCH(_xlfn.SINGLE(#REF!),Data!$G$4:$K$4,1)),0) -> 0 | J114: =_xlfn.IFNA(IF(VLOOKUP(TRIM('DL 1'!G115),Data!$A:$C,3,0)="ST1",H114*I114*G114,IF(VLOOKUP(TRIM('DL 1'!G115),Data!$A:$C,3,0)="IR0",H114*G114,MIN(H114:I114)*G114)),0) -> 0 | K114: =_xlfn.IFNA(VLOOKUP(TRIM(#REF!),Data!$A:$D,4,0)*#REF!,0) -> #REF! | L114: =IF(TRIM('DL 1'!G115)="EDCLNHT0IRNLI",20000,0) -> 0 | M114: =IF(ISERROR(MATCH('DL 1'!A115,#REF!,0)),0,J114*2) -> 0 | N114: =#REF! -> #REF! | O114: =_xlfn.IFNA(VLOOKUP(RIGHT(VLOOKUP(TRIM('DL 1'!G115),Data!$A:$B,2,0),1),Data!$L$23:$M$30,2,0),0) -> 0 | P114: =IF(G114<1,0,IF(G114<12000000,1,IF(AND(G114>=12000000,G114<25000000),2,IF(AND(G114>=25000000,G114<50000000),3,IF(AND(G114>=50000000),4,))))) -> 0 | Q114: =IF(AND(P114=1,S114<15),10000,IF(AND(P114=1,S114>=15,S114<18),15000,IF(AND(P114=1,S114>=18),20000,(IF(AND(P114=2,S114<15),18000,IF(AND(P114=2,S114>=15,S114<18),23000,IF(AND(P114=2,S114>=18),28000,IF(AND(P114=3,S114<15),26000,IF(AND(P114=3,S114>=15,S114<18),31000,IF(AND(P114=3,S114>=18),36000,IF(AND(P114=4,S114<15),34000,IF(AND(P114=4,S114>=15,S114<18),39000,IF(AND(P114=4,S114>=18),44000))))))))))))) -> FALSE | R114: =INCENTIVE!$E$8 -> 130000000 | S114: ='DL 1'!D115 -> 0 | T114: =(IF(S114>=24,"5",IF(S114>=18,"4",IF(S114>=15,"3",IF(S114>=12,"2","1"))))) -> 1 | V114: =(IF(S114>=12,"6",IF(S114>=9,"5",IF(S114>=8,"4",IF(S114>=7,"3",IF(S114=6,"2","1")))))) -> 1 | W114: =IF(AND(V114="6",R114>=7.7),115%,IF(AND(V114="6",R114>=7.5),105%,IF(AND(V114="6",R114>=7.3),100%,IF(AND(V114="6",R114>=7),100%,IF(AND(V114="6",R114<7),100%,IF(AND(V114="5",R114>=7.7),110%,IF(AND(V114="5",R114>=7.5),100%,IF(AND(V114="5",R114>=7.3),100%,IF(AND(V114="5",R114>=7),100%,IF(AND(V114="5",R114<7),100%,IF(AND(V114="4",R114>=7.7),105%,IF(AND(V114="4",R114>=7.5),100%,IF(AND(V114="4",R114>=7.3),95%,IF(AND(V114="4",R114>=7),90%,IF(AND(V114="4",R114<7),80%,IF(AND(V114="3",R114>=7.7),100%,IF(AND(V114="3",R114>=7.5),90%,IF(AND(V114="3",R114>=7.3),80%,IF(AND(V114="3",R114>=7),70%,IF(AND(V114="3",R114<7),60%,IF(AND(V114="2",R114>=7.7),60%,IF(AND(V114="2",R114>=7.5),50%,IF(AND(V114="2",R114>=7.3),35%,IF(AND(V114="2",R114>=7),35%,IF(AND(V114="2",R114<7),25%,25%))))))))))))))))))))))))) -> 0.25 | X114: ='DL 1'!E115 -> 0 | Y114: ='DL 1'!G115 -> 0 | AC114: =IFERROR(VLOOKUP(Y114,Data!$G$65:$L$69,2,0) *X114,"") | AD114: =SUM(AC114) -> 0 | AE114: ='DL 1'!F115 -> 0 | AF114: =IFERROR(VLOOKUP(Y114,Data!$G$65:$K$79,4,0),"") | AG114: =#REF! -> #REF! | AK114: =IF(G114<1,0,IF(G114<12000000,1,IF(AND(G114>=12000000,G114<25000000),2,IF(AND(G114>=25000000,G114<50000000),3,IF(AND(G114>=50000000),4,))))) -> 0 | AL114: =IF(AND(S114<12,Y114="A"),0.9,IF(AND(S114<12,Y114="B"),0.7,IF(AND(S114<12,Y114="C"),0,IF(AND(S114<12,Y114="D"),0,IF(AND(S114>=12,S114<15,Y114="A"),1.2,IF(AND(S114>=12,S114<15,Y114="B"),1,IF(AND(S114>=12,S114<15,Y114="C"),0.1,IF(AND(S114>=12,S114<15,Y114="D"),0,IF(AND(S114>=15,S114<18,Y114="A"),1.3,IF(AND(S114>=15,S114<18,Y114="B"),1.1,IF(AND(S114>=15,S114<18,Y114="C"),0.3,IF(AND(S114>=15,S114<18,Y114="D"),0,IF(AND(S114>=18,S114<24,Y114="A"),1.5,IF(AND(S114>=18,S114<24,Y114="B"),1.3,IF(AND(S114>=18,S114<24,Y114="C"),0.4,IF(AND(S114>=18,S114<24,Y114="D"),0,IF(AND(S114>=24,Y114="A"),1.6,IF(AND(S114>=24,Y114="B"),1.4,IF(AND(S114>=24,Y114="C"),0.5,IF(AND(S114>=24,Y114="D"),0,)))))))))))))))))))) -> 0 | AM114: =X114*(AL114/100) -> 0 | AN114: =Q114 -> FALSE
A115: =IF(D115="A",_xlfn.IFNA(INDEX(Data!$H$24:$J$28,MATCH('DL 1'!E116,Data!$G$24:$G$28,1),MATCH('DL 1'!D116,Data!$H$23:$J$23,1)),0),0) -> 0 | B115: =IF('DL 1'!F116="Y",Q115,0) -> 0 | C115: =_xlfn.IFNA(INDEX(Data!$H$24:$J$28,MATCH(#REF!,Data!$G$24:$G$28,1),MATCH(#REF!,Data!$H$23:$J$23,1)),0) -> #REF! | D115: =RIGHT(TRIM('DL 1'!G116),1) | E115: ='DL 1'!E116*'DL 1'!D116 -> 0 | F115: =_xlfn.IFNA(VLOOKUP(TRIM('DL 1'!G116),Data!$A:$C,3,0),"") | G115: ='DL 1'!E116 -> 0 | H115: =_xlfn.IFNA(VLOOKUP(TRIM('DL 1'!G116),Data!$A:$D,4,0),0) -> 0 | I115: =_xlfn.IFNA(INDEX(Data!$G$5:$K$10,MATCH('DL 1'!D116,Data!$F$5:$F$10,1),MATCH(_xlfn.SINGLE(#REF!),Data!$G$4:$K$4,1)),0) -> 0 | J115: =_xlfn.IFNA(IF(VLOOKUP(TRIM('DL 1'!G116),Data!$A:$C,3,0)="ST1",H115*I115*G115,IF(VLOOKUP(TRIM('DL 1'!G116),Data!$A:$C,3,0)="IR0",H115*G115,MIN(H115:I115)*G115)),0) -> 0 | K115: =_xlfn.IFNA(VLOOKUP(TRIM(#REF!),Data!$A:$D,4,0)*#REF!,0) -> #REF! | L115: =IF(TRIM('DL 1'!G116)="EDCLNHT0IRNLI",20000,0) -> 0 | M115: =IF(ISERROR(MATCH('DL 1'!A116,#REF!,0)),0,J115*2) -> 0 | N115: =#REF! -> #REF! | O115: =_xlfn.IFNA(VLOOKUP(RIGHT(VLOOKUP(TRIM('DL 1'!G116),Data!$A:$B,2,0),1),Data!$L$23:$M$30,2,0),0) -> 0 | P115: =IF(G115<1,0,IF(G115<12000000,1,IF(AND(G115>=12000000,G115<25000000),2,IF(AND(G115>=25000000,G115<50000000),3,IF(AND(G115>=50000000),4,))))) -> 0 | Q115: =IF(AND(P115=1,S115<15),10000,IF(AND(P115=1,S115>=15,S115<18),15000,IF(AND(P115=1,S115>=18),20000,(IF(AND(P115=2,S115<15),18000,IF(AND(P115=2,S115>=15,S115<18),23000,IF(AND(P115=2,S115>=18),28000,IF(AND(P115=3,S115<15),26000,IF(AND(P115=3,S115>=15,S115<18),31000,IF(AND(P115=3,S115>=18),36000,IF(AND(P115=4,S115<15),34000,IF(AND(P115=4,S115>=15,S115<18),39000,IF(AND(P115=4,S115>=18),44000))))))))))))) -> FALSE | R115: =INCENTIVE!$E$8 -> 130000000 | S115: ='DL 1'!D116 -> 0 | T115: =(IF(S115>=24,"5",IF(S115>=18,"4",IF(S115>=15,"3",IF(S115>=12,"2","1"))))) -> 1 | V115: =(IF(S115>=12,"6",IF(S115>=9,"5",IF(S115>=8,"4",IF(S115>=7,"3",IF(S115=6,"2","1")))))) -> 1 | W115: =IF(AND(V115="6",R115>=7.7),115%,IF(AND(V115="6",R115>=7.5),105%,IF(AND(V115="6",R115>=7.3),100%,IF(AND(V115="6",R115>=7),100%,IF(AND(V115="6",R115<7),100%,IF(AND(V115="5",R115>=7.7),110%,IF(AND(V115="5",R115>=7.5),100%,IF(AND(V115="5",R115>=7.3),100%,IF(AND(V115="5",R115>=7),100%,IF(AND(V115="5",R115<7),100%,IF(AND(V115="4",R115>=7.7),105%,IF(AND(V115="4",R115>=7.5),100%,IF(AND(V115="4",R115>=7.3),95%,IF(AND(V115="4",R115>=7),90%,IF(AND(V115="4",R115<7),80%,IF(AND(V115="3",R115>=7.7),100%,IF(AND(V115="3",R115>=7.5),90%,IF(AND(V115="3",R115>=7.3),80%,IF(AND(V115="3",R115>=7),70%,IF(AND(V115="3",R115<7),60%,IF(AND(V115="2",R115>=7.7),60%,IF(AND(V115="2",R115>=7.5),50%,IF(AND(V115="2",R115>=7.3),35%,IF(AND(V115="2",R115>=7),35%,IF(AND(V115="2",R115<7),25%,25%))))))))))))))))))))))))) -> 0.25 | X115: ='DL 1'!E116 -> 0 | Y115: ='DL 1'!G116 -> 0 | AC115: =IFERROR(VLOOKUP(Y115,Data!$G$65:$K$79,2,0) *X115,"") | AD115: =SUM(AC115) -> 0 | AE115: ='DL 1'!F116 -> 0 | AF115: =IFERROR(VLOOKUP(Y115,Data!$G$65:$K$79,4,0),"") | AG115: =#REF! -> #REF! | AK115: =IF(G115<1,0,IF(G115<12000000,1,IF(AND(G115>=12000000,G115<25000000),2,IF(AND(G115>=25000000,G115<50000000),3,IF(AND(G115>=50000000),4,))))) -> 0 | AL115: =IF(AND(S115<12,Y115="A"),0.9,IF(AND(S115<12,Y115="B"),0.7,IF(AND(S115<12,Y115="C"),0,IF(AND(S115<12,Y115="D"),0,IF(AND(S115>=12,S115<15,Y115="A"),1.2,IF(AND(S115>=12,S115<15,Y115="B"),1,IF(AND(S115>=12,S115<15,Y115="C"),0.1,IF(AND(S115>=12,S115<15,Y115="D"),0,IF(AND(S115>=15,S115<18,Y115="A"),1.3,IF(AND(S115>=15,S115<18,Y115="B"),1.1,IF(AND(S115>=15,S115<18,Y115="C"),0.3,IF(AND(S115>=15,S115<18,Y115="D"),0,IF(AND(S115>=18,S115<24,Y115="A"),1.5,IF(AND(S115>=18,S115<24,Y115="B"),1.3,IF(AND(S115>=18,S115<24,Y115="C"),0.4,IF(AND(S115>=18,S115<24,Y115="D"),0,IF(AND(S115>=24,Y115="A"),1.6,IF(AND(S115>=24,Y115="B"),1.4,IF(AND(S115>=24,Y115="C"),0.5,IF(AND(S115>=24,Y115="D"),0,)))))))))))))))))))) -> 0 | AM115: =X115*(AL115/100) -> 0 | AN115: =Q115 -> FALSE
